date,hour,city,AQI,PM2.5,PM2.5_24h,PM10,PM10_24h,SO2,SO2_24h,NO2,NO2_24h,O3,O3_24h,O3_8h,O3_8h_24h,CO,CO_24h
20200610,0,Shanghai,14.0,10.0,12.0,9.0,15.0,5.0,5.0,17.0,21.0,46.0,72.0,51.0,60.0,0.48,0.53
20200610,0,Urumqi,62.0,18.0,13.0,74.0,56.0,9.0,9.0,73.0,34.0,43.0,124.0,97.0,116.0,0.82,0.6
20200610,0,Lanzhou,82.0,40.0,28.0,114.0,79.0,5.0,12.0,13.0,36.0,103.0,187.0,129.0,161.0,0.5,0.63
20200610,0,Beijing,93.0,69.0,38.0,96.0,90.0,5.0,7.0,22.0,26.0,70.0,152.0,102.0,123.0,1.13,0.82
20200610,0,Nanjing,51.0,25.0,20.0,52.0,41.0,8.0,6.0,34.0,23.0,47.0,150.0,102.0,133.0,0.98,0.73
20200610,0,Nanning,33.0,18.0,17.0,33.0,36.0,6.0,5.0,33.0,24.0,23.0,103.0,40.0,79.0,0.63,0.69
20200610,0,Nanchang,14.0,8.0,8.0,13.0,19.0,4.0,7.0,28.0,18.0,18.0,76.0,41.0,59.0,0.49,0.43
20200610,0,Hefei,63.0,25.0,25.0,75.0,52.0,5.0,5.0,37.0,24.0,83.0,132.0,109.0,126.0,0.7,0.53
20200610,0,Hohhot,37.0,13.0,18.0,37.0,42.0,6.0,7.0,12.0,19.0,94.0,137.0,114.0,126.0,0.51,0.51
20200610,0,Harbin,45.0,15.0,17.0,45.0,51.0,10.0,11.0,33.0,23.0,72.0,124.0,92.0,113.0,0.45,0.43
20200610,0,Tianjin,91.0,68.0,47.0,74.0,102.0,6.0,10.0,27.0,33.0,67.0,112.0,83.0,94.0,0.72,0.87
20200610,0,Taiyuan,89.0,56.0,74.0,128.0,152.0,16.0,33.0,41.0,51.0,145.0,206.0,165.0,180.0,0.93,1.14
20200610,0,Guangzhou,24.0,12.0,12.0,21.0,26.0,5.0,5.0,48.0,35.0,8.0,79.0,28.0,51.0,0.71,0.71
20200610,0,Chengdu,55.0,29.0,31.0,60.0,63.0,5.0,5.0,41.0,32.0,85.0,226.0,156.0,196.0,0.6,0.53
20200610,0,Lhasa,30.0,16.0,10.0,30.0,24.0,7.0,7.0,31.0,18.0,79.0,134.0,111.0,129.0,0.5,0.47
20200610,0,Kunming,30.0,11.0,13.0,30.0,29.0,7.0,8.0,16.0,15.0,37.0,98.0,58.0,81.0,0.64,0.58
20200610,0,Hangzhou,33.0,16.0,23.0,33.0,38.0,5.0,5.0,39.0,22.0,27.0,146.0,81.0,128.0,0.54,0.52
20200610,0,Wuhan,15.0,10.0,21.0,15.0,37.0,5.0,7.0,24.0,22.0,36.0,120.0,55.0,101.0,1.09,0.87
20200610,0,Shenyang,84.0,53.0,41.0,117.0,93.0,13.0,21.0,54.0,32.0,61.0,178.0,122.0,164.0,0.63,0.82
20200610,0,Jinan,62.0,35.0,38.0,73.0,93.0,7.0,9.0,21.0,22.0,69.0,182.0,78.0,153.0,0.67,0.65
20200610,0,Haikou,20.0,6.0,11.0,20.0,27.0,3.0,4.0,10.0,14.0,35.0,74.0,39.0,67.0,0.57,0.57
20200610,0,Shijiazhuang,99.0,53.0,47.0,147.0,137.0,8.0,17.0,34.0,54.0,84.0,232.0,148.0,183.0,0.69,0.79
20200610,0,Fuzhou,36.0,10.0,12.0,36.0,22.0,4.0,4.0,26.0,28.0,14.0,37.0,16.0,29.0,0.7,0.64
20200610,0,Xining,72.0,34.0,28.0,94.0,64.0,6.0,8.0,13.0,26.0,104.0,132.0,114.0,120.0,0.35,0.6
20200610,0,Xi'an,50.0,27.0,20.0,50.0,36.0,5.0,5.0,43.0,24.0,13.0,56.0,30.0,48.0,0.64,0.53
20200610,0,Guiyang,55.0,27.0,20.0,60.0,40.0,10.0,9.0,38.0,18.0,26.0,138.0,72.0,115.0,0.84,0.7
20200610,0,Zhengzhou,65.0,47.0,42.0,71.0,78.0,5.0,6.0,53.0,32.0,37.0,115.0,71.0,101.0,0.84,0.8
20200610,0,Chongqing,53.0,31.0,22.0,56.0,39.0,5.0,5.0,62.0,33.0,11.0,69.0,38.0,55.0,0.88,0.6
20200610,0,Yinchuan,52.0,24.0,22.0,54.0,48.0,8.0,11.0,55.0,29.0,60.0,172.0,121.0,159.0,0.48,0.48
20200610,0,Changchun,71.0,52.0,37.0,73.0,64.0,5.0,8.0,78.0,36.0,18.0,120.0,63.0,107.0,0.7,0.72
20200610,0,Changsha,39.0,27.0,19.0,24.0,29.0,4.0,5.0,14.0,19.0,49.0,99.0,49.0,76.0,0.69,0.71
20200610,1,Shanghai,16.0,11.0,12.0,6.0,14.0,4.0,5.0,15.0,21.0,47.0,72.0,47.0,47.0,0.47,0.53
20200610,1,Urumqi,71.0,17.0,13.0,91.0,57.0,9.0,9.0,68.0,34.0,38.0,124.0,38.0,38.0,0.87,0.6
20200610,1,Lanzhou,78.0,41.0,29.0,106.0,81.0,7.0,12.0,17.0,34.0,95.0,187.0,95.0,95.0,0.4,0.63
20200610,1,Beijing,103.0,77.0,40.0,98.0,91.0,4.0,7.0,22.0,26.0,62.0,152.0,62.0,62.0,1.05,0.85
20200610,1,Nanjing,50.0,23.0,20.0,50.0,41.0,8.0,6.0,37.0,23.0,34.0,150.0,34.0,34.0,0.96,0.74
20200610,1,Nanning,37.0,18.0,17.0,37.0,36.0,6.0,5.0,29.0,25.0,24.0,103.0,24.0,24.0,0.64,0.67
20200610,1,Nanchang,14.0,6.0,8.0,11.0,19.0,5.0,7.0,27.0,18.0,17.0,75.0,17.0,17.0,0.43,0.47
20200610,1,Hefei,54.0,30.0,25.0,57.0,52.0,4.0,5.0,36.0,24.0,70.0,132.0,70.0,70.0,0.67,0.53
20200610,1,Hohhot,33.0,11.0,17.0,33.0,42.0,6.0,7.0,16.0,18.0,88.0,137.0,88.0,88.0,0.49,0.51
20200610,1,Harbin,51.0,16.0,17.0,52.0,51.0,10.0,11.0,34.0,24.0,66.0,123.0,66.0,66.0,0.45,0.43
20200610,1,Tianjin,84.0,62.0,49.0,70.0,100.0,5.0,10.0,26.0,33.0,61.0,106.0,61.0,61.0,0.69,0.86
20200610,1,Taiyuan,97.0,63.0,73.0,143.0,150.0,15.0,32.0,54.0,50.0,114.0,206.0,114.0,114.0,0.96,1.09
20200610,1,Guangzhou,25.0,13.0,12.0,25.0,26.0,6.0,5.0,48.0,35.0,7.0,79.0,7.0,7.0,0.75,0.71
20200610,1,Chengdu,43.0,19.0,31.0,43.0,63.0,5.0,5.0,25.0,32.0,90.0,226.0,90.0,90.0,0.54,0.53
20200610,1,Lhasa,43.0,16.0,11.0,43.0,24.0,7.0,7.0,33.0,18.0,73.0,134.0,73.0,73.0,0.53,0.47
20200610,1,Kunming,23.0,14.0,14.0,23.0,29.0,6.0,8.0,17.0,16.0,36.0,100.0,36.0,36.0,0.58,0.58
20200610,1,Hangzhou,31.0,16.0,22.0,31.0,37.0,4.0,5.0,35.0,23.0,21.0,146.0,21.0,21.0,0.53,0.52
20200610,1,Wuhan,14.0,7.0,21.0,14.0,37.0,5.0,7.0,21.0,22.0,38.0,120.0,38.0,38.0,0.77,0.88
20200610,1,Shenyang,74.0,44.0,41.0,98.0,94.0,29.0,21.0,54.0,33.0,51.0,178.0,51.0,51.0,0.59,0.81
20200610,1,Jinan,51.0,30.0,38.0,52.0,90.0,7.0,9.0,34.0,23.0,49.0,176.0,49.0,49.0,0.65,0.65
20200610,1,Haikou,19.0,5.0,11.0,19.0,27.0,3.0,4.0,8.0,13.0,32.0,74.0,32.0,32.0,0.57,0.57
20200610,1,Shijiazhuang,95.0,67.0,49.0,139.0,138.0,7.0,17.0,37.0,52.0,65.0,232.0,65.0,65.0,0.74,0.79
20200610,1,Fuzhou,36.0,10.0,12.0,36.0,23.0,5.0,4.0,24.0,27.0,16.0,37.0,16.0,16.0,0.74,0.64
20200610,1,Xining,72.0,32.0,29.0,94.0,70.0,7.0,8.0,14.0,22.0,98.0,135.0,98.0,98.0,0.4,0.65
20200610,1,Xi'an,51.0,27.0,21.0,52.0,37.0,5.0,5.0,45.0,26.0,9.0,56.0,9.0,9.0,0.63,0.53
20200610,1,Guiyang,55.0,28.0,20.0,59.0,41.0,9.0,9.0,41.0,20.0,19.0,138.0,19.0,19.0,0.8,0.7
20200610,1,Zhengzhou,63.0,44.0,42.0,75.0,74.0,6.0,6.0,41.0,32.0,55.0,115.0,55.0,55.0,0.81,0.8
20200610,1,Chongqing,53.0,30.0,23.0,55.0,39.0,5.0,5.0,58.0,34.0,9.0,69.0,9.0,9.0,0.94,0.62
20200610,1,Yinchuan,55.0,22.0,22.0,59.0,48.0,8.0,11.0,61.0,30.0,45.0,172.0,45.0,45.0,0.48,0.48
20200610,1,Changchun,79.0,58.0,37.0,79.0,64.0,5.0,8.0,78.0,38.0,9.0,120.0,9.0,9.0,0.76,0.72
20200610,1,Changsha,55.0,39.0,20.0,43.0,29.0,4.0,5.0,10.0,18.0,53.0,99.0,53.0,53.0,0.74,0.71
20200610,2,Shanghai,16.0,11.0,11.0,6.0,13.0,4.0,5.0,16.0,21.0,45.0,72.0,46.0,48.0,0.48,0.53
20200610,2,Urumqi,60.0,18.0,13.0,70.0,56.0,9.0,9.0,65.0,34.0,37.0,124.0,38.0,38.0,0.77,0.6
20200610,2,Lanzhou,78.0,42.0,30.0,105.0,84.0,6.0,11.0,42.0,33.0,59.0,187.0,77.0,95.0,0.48,0.63
20200610,2,Beijing,111.0,84.0,43.0,104.0,93.0,4.0,7.0,22.0,26.0,54.0,152.0,58.0,62.0,1.03,0.87
20200610,2,Nanjing,48.0,19.0,20.0,48.0,41.0,8.0,6.0,41.0,24.0,25.0,150.0,29.0,34.0,0.91,0.77
20200610,2,Nanning,37.0,18.0,17.0,37.0,36.0,6.0,5.0,28.0,25.0,22.0,103.0,23.0,24.0,0.63,0.67
20200610,2,Nanchang,11.0,6.0,8.0,9.0,18.0,4.0,7.0,22.0,19.0,21.0,75.0,19.0,19.0,0.4,0.47
20200610,2,Hefei,54.0,31.0,25.0,57.0,52.0,4.0,5.0,32.0,24.0,59.0,132.0,65.0,70.0,0.6,0.53
20200610,2,Hohhot,33.0,14.0,17.0,33.0,42.0,6.0,7.0,20.0,17.0,74.0,137.0,81.0,88.0,0.5,0.51
20200610,2,Harbin,46.0,17.0,17.0,46.0,51.0,10.0,11.0,36.0,24.0,60.0,123.0,63.0,66.0,0.45,0.42
20200610,2,Tianjin,84.0,62.0,50.0,69.0,98.0,5.0,10.0,30.0,33.0,48.0,105.0,55.0,61.0,0.68,0.86
20200610,2,Taiyuan,104.0,67.0,73.0,157.0,149.0,15.0,31.0,69.0,50.0,87.0,206.0,101.0,114.0,0.99,1.09
20200610,2,Guangzhou,26.0,15.0,12.0,26.0,25.0,6.0,5.0,47.0,36.0,6.0,79.0,7.0,7.0,0.78,0.71
20200610,2,Chengdu,38.0,17.0,31.0,38.0,62.0,4.0,5.0,18.0,31.0,87.0,226.0,89.0,91.0,0.5,0.54
20200610,2,Lhasa,39.0,15.0,11.0,39.0,25.0,7.0,7.0,19.0,18.0,80.0,134.0,77.0,80.0,0.45,0.47
20200610,2,Kunming,27.0,10.0,14.0,27.0,29.0,6.0,8.0,19.0,16.0,33.0,100.0,34.0,36.0,0.54,0.58
20200610,2,Hangzhou,32.0,16.0,21.0,32.0,37.0,4.0,5.0,34.0,23.0,19.0,146.0,20.0,21.0,0.53,0.52
20200610,2,Wuhan,14.0,9.0,21.0,14.0,36.0,5.0,6.0,18.0,22.0,40.0,120.0,39.0,41.0,0.71,0.86
20200610,2,Shenyang,66.0,32.0,41.0,81.0,94.0,38.0,22.0,52.0,34.0,44.0,178.0,47.0,52.0,0.66,0.79
20200610,2,Jinan,60.0,31.0,37.0,69.0,88.0,6.0,9.0,44.0,25.0,33.0,168.0,41.0,50.0,0.75,0.66
20200610,2,Haikou,16.0,5.0,10.0,16.0,26.0,4.0,3.0,8.0,13.0,36.0,74.0,34.0,34.0,0.57,0.57
20200610,2,Shijiazhuang,100.0,75.0,50.0,149.0,140.0,7.0,16.0,44.0,50.0,38.0,232.0,51.0,65.0,0.9,0.79
20200610,2,Fuzhou,32.0,11.0,12.0,32.0,23.0,5.0,4.0,24.0,27.0,16.0,37.0,16.0,16.0,0.68,0.64
20200610,2,Xining,71.0,32.0,29.0,91.0,72.0,7.0,8.0,13.0,22.0,96.0,135.0,97.0,98.0,0.4,0.65
20200610,2,Xi'an,54.0,27.0,21.0,58.0,38.0,5.0,5.0,46.0,27.0,6.0,56.0,7.0,9.0,0.63,0.53
20200610,2,Guiyang,60.0,27.0,20.0,69.0,42.0,9.0,9.0,44.0,21.0,15.0,138.0,17.0,20.0,0.81,0.7
20200610,2,Zhengzhou,63.0,45.0,42.0,75.0,71.0,7.0,6.0,33.0,32.0,57.0,115.0,56.0,58.0,0.81,0.8
20200610,2,Chongqing,52.0,30.0,23.0,54.0,40.0,5.0,5.0,54.0,35.0,9.0,69.0,9.0,10.0,1.04,0.64
20200610,2,Yinchuan,54.0,24.0,21.0,57.0,48.0,9.0,11.0,33.0,30.0,67.0,172.0,56.0,57.0,0.38,0.48
20200610,2,Changchun,78.0,57.0,38.0,80.0,65.0,5.0,8.0,77.0,40.0,9.0,120.0,9.0,10.0,0.69,0.71
20200610,2,Changsha,59.0,42.0,21.0,40.0,30.0,4.0,5.0,9.0,18.0,56.0,99.0,55.0,55.0,0.74,0.71
20200610,3,Shanghai,16.0,11.0,11.0,8.0,13.0,5.0,5.0,21.0,21.0,38.0,72.0,43.0,48.0,0.49,0.53
20200610,3,Urumqi,82.0,24.0,13.0,113.0,57.0,11.0,9.0,70.0,34.0,29.0,124.0,35.0,39.0,0.82,0.6
20200610,3,Lanzhou,92.0,42.0,30.0,133.0,87.0,6.0,11.0,60.0,34.0,33.0,187.0,63.0,95.0,0.53,0.63
20200610,3,Beijing,119.0,90.0,45.0,104.0,94.0,3.0,7.0,22.0,26.0,52.0,152.0,56.0,62.0,1.0,0.93
20200610,3,Nanjing,51.0,22.0,19.0,51.0,40.0,8.0,6.0,43.0,24.0,16.0,150.0,25.0,34.0,0.9,0.77
20200610,3,Nanning,38.0,20.0,17.0,38.0,37.0,6.0,5.0,29.0,26.0,22.0,103.0,22.0,24.0,0.64,0.66
20200610,3,Nanchang,10.0,6.0,8.0,7.0,18.0,5.0,7.0,19.0,19.0,24.0,75.0,21.0,21.0,0.41,0.47
20200610,3,Hefei,49.0,28.0,25.0,49.0,51.0,4.0,5.0,31.0,25.0,47.0,132.0,59.0,70.0,0.54,0.53
20200610,3,Hohhot,32.0,15.0,17.0,32.0,41.0,6.0,7.0,21.0,17.0,66.0,137.0,76.0,88.0,0.51,0.51
20200610,3,Harbin,47.0,18.0,16.0,47.0,51.0,11.0,11.0,38.0,24.0,56.0,123.0,61.0,66.0,0.45,0.42
20200610,3,Tianjin,91.0,68.0,51.0,70.0,96.0,5.0,9.0,34.0,34.0,36.0,105.0,48.0,61.0,0.79,0.86
20200610,3,Taiyuan,107.0,73.0,73.0,163.0,149.0,15.0,30.0,78.0,50.0,61.0,206.0,87.0,114.0,1.05,1.09
20200610,3,Guangzhou,29.0,16.0,12.0,29.0,25.0,6.0,5.0,47.0,36.0,5.0,79.0,6.0,7.0,0.78,0.7
20200610,3,Chengdu,35.0,16.0,30.0,35.0,61.0,4.0,5.0,16.0,31.0,83.0,226.0,87.0,93.0,0.49,0.54
20200610,3,Lhasa,32.0,11.0,11.0,32.0,25.0,6.0,7.0,10.0,18.0,89.0,134.0,81.0,84.0,0.43,0.47
20200610,3,Kunming,28.0,11.0,14.0,28.0,29.0,7.0,8.0,18.0,16.0,34.0,100.0,34.0,36.0,0.52,0.58
20200610,3,Hangzhou,35.0,18.0,21.0,35.0,36.0,4.0,5.0,33.0,24.0,17.0,146.0,19.0,22.0,0.51,0.52
20200610,3,Wuhan,29.0,20.0,21.0,16.0,35.0,5.0,6.0,16.0,21.0,44.0,120.0,40.0,42.0,0.68,0.83
20200610,3,Shenyang,64.0,31.0,41.0,78.0,94.0,40.0,23.0,54.0,35.0,36.0,178.0,44.0,53.0,0.73,0.78
20200610,3,Jinan,66.0,35.0,37.0,82.0,88.0,7.0,9.0,36.0,26.0,33.0,156.0,38.0,51.0,0.78,0.68
20200610,3,Haikou,14.0,5.0,10.0,14.0,25.0,3.0,3.0,6.0,13.0,37.0,74.0,35.0,35.0,0.55,0.57
20200610,3,Shijiazhuang,104.0,78.0,52.0,147.0,141.0,7.0,16.0,40.0,48.0,28.0,232.0,44.0,65.0,0.94,0.79
20200610,3,Fuzhou,33.0,16.0,12.0,33.0,24.0,4.0,4.0,20.0,26.0,20.0,37.0,17.0,17.0,0.66,0.64
20200610,3,Xining,67.0,29.0,30.0,83.0,73.0,7.0,8.0,17.0,21.0,86.0,135.0,93.0,98.0,0.4,0.65
20200610,3,Xi'an,56.0,28.0,22.0,62.0,40.0,6.0,5.0,45.0,29.0,9.0,56.0,8.0,9.0,0.64,0.56
20200610,3,Guiyang,58.0,30.0,20.0,65.0,43.0,9.0,9.0,42.0,22.0,12.0,138.0,15.0,20.0,0.8,0.7
20200610,3,Zhengzhou,63.0,45.0,42.0,74.0,69.0,8.0,6.0,32.0,32.0,52.0,115.0,55.0,58.0,0.81,0.8
20200610,3,Chongqing,53.0,29.0,23.0,55.0,41.0,5.0,5.0,49.0,36.0,11.0,69.0,10.0,11.0,1.09,0.66
20200610,3,Yinchuan,58.0,24.0,22.0,66.0,48.0,11.0,11.0,23.0,30.0,68.0,172.0,60.0,61.0,0.38,0.46
20200610,3,Changchun,78.0,57.0,39.0,83.0,65.0,5.0,8.0,83.0,42.0,6.0,120.0,8.0,10.0,0.66,0.69
20200610,3,Changsha,60.0,43.0,22.0,40.0,30.0,4.0,5.0,9.0,18.0,56.0,99.0,55.0,55.0,0.73,0.71
20200610,4,Shanghai,20.0,14.0,11.0,11.0,13.0,5.0,5.0,25.0,22.0,32.0,71.0,40.0,48.0,0.49,0.53
20200610,4,Urumqi,81.0,24.0,13.0,111.0,59.0,10.0,9.0,61.0,35.0,33.0,124.0,34.0,41.0,0.72,0.6
20200610,4,Lanzhou,86.0,41.0,31.0,122.0,89.0,8.0,11.0,61.0,34.0,27.0,187.0,54.0,95.0,0.53,0.63
20200610,4,Beijing,120.0,91.0,48.0,102.0,96.0,3.0,7.0,22.0,26.0,49.0,152.0,54.0,62.0,1.03,0.94
20200610,4,Nanjing,51.0,21.0,19.0,51.0,41.0,7.0,6.0,44.0,25.0,15.0,150.0,22.0,34.0,0.87,0.77
20200610,4,Nanning,44.0,21.0,17.0,44.0,37.0,5.0,5.0,29.0,26.0,18.0,103.0,20.0,24.0,0.66,0.67
20200610,4,Nanchang,11.0,6.0,8.0,11.0,19.0,5.0,7.0,20.0,19.0,19.0,75.0,20.0,22.0,0.41,0.47
20200610,4,Hefei,44.0,25.0,25.0,44.0,51.0,4.0,5.0,27.0,25.0,42.0,132.0,54.0,70.0,0.51,0.54
20200610,4,Hohhot,33.0,15.0,17.0,33.0,41.0,6.0,7.0,25.0,16.0,55.0,137.0,71.0,88.0,0.51,0.51
20200610,4,Harbin,46.0,20.0,17.0,46.0,51.0,11.0,11.0,40.0,24.0,50.0,123.0,58.0,66.0,0.47,0.43
20200610,4,Tianjin,98.0,73.0,53.0,75.0,95.0,5.0,9.0,36.0,34.0,29.0,105.0,43.0,61.0,0.81,0.86
20200610,4,Taiyuan,119.0,88.0,73.0,187.0,149.0,18.0,29.0,83.0,51.0,41.0,206.0,76.0,114.0,1.14,1.1
20200610,4,Guangzhou,28.0,16.0,12.0,28.0,25.0,6.0,5.0,47.0,37.0,4.0,79.0,5.0,7.0,0.74,0.7
20200610,4,Chengdu,36.0,16.0,30.0,36.0,61.0,4.0,5.0,13.0,30.0,80.0,226.0,85.0,93.0,0.53,0.54
20200610,4,Lhasa,29.0,7.0,11.0,20.0,25.0,6.0,7.0,9.0,17.0,93.0,134.0,84.0,87.0,0.43,0.47
20200610,4,Kunming,29.0,11.0,13.0,29.0,29.0,6.0,8.0,15.0,17.0,37.0,100.0,35.0,36.0,0.5,0.58
20200610,4,Hangzhou,37.0,20.0,21.0,37.0,35.0,4.0,5.0,34.0,24.0,14.0,146.0,18.0,22.0,0.5,0.52
20200610,4,Wuhan,55.0,39.0,22.0,27.0,35.0,5.0,6.0,17.0,21.0,47.0,120.0,42.0,44.0,0.78,0.83
20200610,4,Shenyang,62.0,28.0,41.0,74.0,94.0,45.0,24.0,54.0,36.0,35.0,178.0,41.0,53.0,0.88,0.79
20200610,4,Jinan,57.0,30.0,37.0,64.0,87.0,8.0,9.0,28.0,27.0,31.0,149.0,37.0,52.0,0.76,0.67
20200610,4,Haikou,13.0,5.0,10.0,13.0,24.0,4.0,3.0,6.0,13.0,35.0,74.0,35.0,35.0,0.55,0.57
20200610,4,Shijiazhuang,96.0,72.0,53.0,134.0,142.0,7.0,15.0,40.0,47.0,22.0,232.0,38.0,65.0,0.96,0.8
20200610,4,Fuzhou,33.0,15.0,12.0,33.0,24.0,4.0,4.0,19.0,25.0,13.0,37.0,17.0,17.0,0.66,0.64
20200610,4,Xining,67.0,31.0,30.0,83.0,75.0,7.0,8.0,19.0,20.0,80.0,135.0,90.0,98.0,0.4,0.65
20200610,4,Xi'an,56.0,29.0,23.0,61.0,41.0,5.0,5.0,43.0,30.0,10.0,55.0,8.0,10.0,0.61,0.56
20200610,4,Guiyang,60.0,31.0,20.0,69.0,44.0,9.0,9.0,43.0,23.0,9.0,138.0,14.0,20.0,0.77,0.7
20200610,4,Zhengzhou,63.0,45.0,42.0,65.0,67.0,8.0,6.0,31.0,32.0,50.0,115.0,54.0,58.0,0.8,0.8
20200610,4,Chongqing,51.0,29.0,24.0,52.0,42.0,5.0,5.0,45.0,37.0,10.0,69.0,10.0,11.0,0.95,0.67
20200610,4,Yinchuan,60.0,25.0,22.0,69.0,50.0,14.0,12.0,25.0,28.0,60.0,172.0,60.0,61.0,0.56,0.44
20200610,4,Changchun,76.0,56.0,40.0,83.0,66.0,5.0,7.0,83.0,44.0,5.0,120.0,7.0,10.0,0.67,0.68
20200610,4,Changsha,59.0,42.0,23.0,42.0,31.0,4.0,5.0,8.0,17.0,56.0,99.0,55.0,56.0,0.71,0.71
20200610,5,Shanghai,26.0,18.0,11.0,16.0,13.0,5.0,5.0,24.0,22.0,30.0,71.0,39.0,48.0,0.49,0.53
20200610,5,Urumqi,72.0,22.0,14.0,94.0,60.0,10.0,9.0,53.0,35.0,39.0,124.0,35.0,42.0,0.65,0.6
20200610,5,Lanzhou,84.0,39.0,32.0,117.0,92.0,10.0,11.0,57.0,34.0,27.0,187.0,48.0,95.0,0.57,0.6
20200610,5,Beijing,118.0,89.0,51.0,97.0,97.0,2.0,7.0,26.0,26.0,39.0,152.0,51.0,62.0,1.15,0.98
20200610,5,Nanjing,51.0,24.0,19.0,52.0,41.0,7.0,6.0,45.0,26.0,11.0,150.0,19.0,34.0,0.86,0.78
20200610,5,Nanning,46.0,22.0,17.0,46.0,37.0,5.0,5.0,28.0,26.0,18.0,103.0,19.0,24.0,0.67,0.69
20200610,5,Nanchang,12.0,7.0,8.0,12.0,18.0,6.0,7.0,23.0,19.0,14.0,75.0,19.0,22.0,0.47,0.47
20200610,5,Hefei,39.0,24.0,25.0,39.0,51.0,4.0,5.0,24.0,25.0,35.0,132.0,51.0,70.0,0.49,0.54
20200610,5,Hohhot,42.0,17.0,17.0,42.0,41.0,6.0,7.0,37.0,16.0,35.0,137.0,63.0,88.0,0.53,0.51
20200610,5,Harbin,53.0,21.0,17.0,55.0,52.0,11.0,10.0,49.0,25.0,40.0,123.0,54.0,66.0,0.5,0.43
20200610,5,Tianjin,98.0,73.0,54.0,75.0,93.0,5.0,9.0,39.0,35.0,21.0,105.0,39.0,61.0,0.86,0.86
20200610,5,Taiyuan,150.0,115.0,74.0,233.0,152.0,23.0,28.0,77.0,52.0,30.0,206.0,66.0,114.0,1.31,1.1
20200610,5,Guangzhou,29.0,17.0,13.0,29.0,25.0,7.0,5.0,44.0,37.0,4.0,79.0,5.0,7.0,0.75,0.71
20200610,5,Chengdu,37.0,17.0,30.0,37.0,60.0,4.0,5.0,17.0,29.0,66.0,226.0,81.0,93.0,0.54,0.54
20200610,5,Lhasa,29.0,7.0,10.0,17.0,25.0,6.0,7.0,8.0,16.0,94.0,134.0,86.0,88.0,0.42,0.47
20200610,5,Kunming,26.0,9.0,13.0,26.0,29.0,7.0,7.0,16.0,17.0,36.0,100.0,35.0,36.0,0.52,0.58
20200610,5,Hangzhou,40.0,22.0,20.0,40.0,35.0,4.0,5.0,34.0,25.0,10.0,146.0,16.0,22.0,0.51,0.52
20200610,5,Wuhan,66.0,48.0,23.0,43.0,35.0,5.0,6.0,18.0,21.0,49.0,120.0,44.0,45.0,0.92,0.83
20200610,5,Shenyang,62.0,28.0,40.0,74.0,94.0,49.0,24.0,57.0,36.0,34.0,178.0,40.0,53.0,0.94,0.77
20200610,5,Jinan,50.0,29.0,36.0,50.0,86.0,8.0,8.0,29.0,27.0,24.0,143.0,34.0,52.0,0.68,0.68
20200610,5,Haikou,15.0,5.0,9.0,15.0,24.0,4.0,3.0,6.0,13.0,35.0,74.0,35.0,35.0,0.55,0.57
20200610,5,Shijiazhuang,110.0,83.0,56.0,150.0,145.0,7.0,14.0,42.0,46.0,17.0,232.0,34.0,65.0,1.06,0.8
20200610,5,Fuzhou,34.0,12.0,11.0,34.0,25.0,4.0,4.0,19.0,25.0,16.0,37.0,17.0,17.0,0.66,0.64
20200610,5,Xining,63.0,27.0,31.0,75.0,76.0,7.0,8.0,16.0,20.0,82.0,135.0,88.0,98.0,0.4,0.65
20200610,5,Xi'an,56.0,29.0,23.0,62.0,43.0,5.0,5.0,41.0,31.0,11.0,55.0,9.0,11.0,0.63,0.57
20200610,5,Guiyang,60.0,31.0,21.0,69.0,45.0,9.0,9.0,37.0,24.0,10.0,138.0,13.0,20.0,0.77,0.69
20200610,5,Zhengzhou,58.0,41.0,42.0,63.0,66.0,7.0,6.0,27.0,32.0,54.0,115.0,54.0,58.0,0.76,0.8
20200610,5,Chongqing,51.0,30.0,24.0,52.0,43.0,5.0,5.0,41.0,38.0,11.0,69.0,10.0,11.0,0.86,0.7
20200610,5,Yinchuan,59.0,26.0,22.0,67.0,50.0,11.0,12.0,21.0,27.0,67.0,172.0,61.0,62.0,0.52,0.46
20200610,5,Changchun,73.0,53.0,41.0,81.0,66.0,5.0,7.0,80.0,46.0,6.0,120.0,7.0,11.0,0.69,0.67
20200610,5,Changsha,50.0,35.0,24.0,40.0,31.0,4.0,5.0,7.0,17.0,56.0,99.0,56.0,56.0,0.73,0.71
20200610,6,Shanghai,34.0,24.0,11.0,23.0,13.0,4.0,5.0,23.0,22.0,30.0,71.0,37.0,48.0,0.5,0.53
20200610,6,Urumqi,74.0,18.0,14.0,97.0,61.0,10.0,9.0,54.0,36.0,37.0,124.0,35.0,43.0,0.63,0.62
20200610,6,Lanzhou,96.0,41.0,33.0,142.0,95.0,11.0,12.0,54.0,34.0,29.0,187.0,45.0,95.0,0.63,0.6
20200610,6,Beijing,114.0,86.0,54.0,80.0,97.0,2.0,7.0,23.0,26.0,37.0,152.0,49.0,62.0,1.22,1.01
20200610,6,Nanjing,52.0,25.0,19.0,54.0,41.0,7.0,6.0,43.0,27.0,9.0,150.0,17.0,34.0,0.89,0.79
20200610,6,Nanning,43.0,22.0,18.0,43.0,38.0,5.0,5.0,25.0,26.0,17.0,103.0,19.0,24.0,0.66,0.67
20200610,6,Nanchang,13.0,8.0,8.0,12.0,18.0,6.0,6.0,25.0,20.0,10.0,75.0,18.0,22.0,0.53,0.47
20200610,6,Hefei,43.0,22.0,25.0,43.0,51.0,4.0,5.0,25.0,25.0,27.0,132.0,47.0,70.0,0.52,0.54
20200610,6,Hohhot,51.0,20.0,17.0,51.0,42.0,6.0,7.0,39.0,17.0,30.0,137.0,58.0,88.0,0.55,0.53
20200610,6,Harbin,51.0,21.0,17.0,51.0,52.0,11.0,10.0,43.0,26.0,46.0,123.0,53.0,66.0,0.54,0.43
20200610,6,Tianjin,103.0,77.0,56.0,83.0,91.0,5.0,8.0,44.0,35.0,15.0,105.0,35.0,61.0,0.94,0.87
20200610,6,Taiyuan,194.0,146.0,77.0,273.0,156.0,25.0,28.0,64.0,52.0,24.0,206.0,59.0,114.0,1.51,1.11
20200610,6,Guangzhou,29.0,17.0,13.0,29.0,25.0,7.0,5.0,42.0,37.0,4.0,79.0,5.0,7.0,0.78,0.71
20200610,6,Chengdu,40.0,19.0,29.0,40.0,60.0,4.0,5.0,22.0,28.0,58.0,226.0,77.0,93.0,0.56,0.54
20200610,6,Lhasa,28.0,7.0,10.0,13.0,24.0,6.0,7.0,10.0,16.0,89.0,134.0,86.0,89.0,0.42,0.47
20200610,6,Kunming,25.0,8.0,13.0,25.0,29.0,7.0,7.0,16.0,17.0,36.0,100.0,35.0,36.0,0.52,0.58
20200610,6,Hangzhou,41.0,22.0,20.0,41.0,35.0,4.0,5.0,35.0,26.0,8.0,146.0,15.0,22.0,0.54,0.52
20200610,6,Wuhan,69.0,50.0,23.0,54.0,35.0,5.0,6.0,19.0,20.0,46.0,120.0,44.0,46.0,0.9,0.83
20200610,6,Shenyang,62.0,29.0,40.0,74.0,93.0,52.0,25.0,59.0,37.0,33.0,178.0,39.0,54.0,0.98,0.77
20200610,6,Jinan,52.0,34.0,36.0,54.0,84.0,9.0,8.0,39.0,28.0,18.0,133.0,31.0,52.0,0.65,0.68
20200610,6,Haikou,13.0,6.0,9.0,13.0,24.0,3.0,3.0,8.0,13.0,31.0,74.0,34.0,35.0,0.6,0.57
20200610,6,Shijiazhuang,109.0,82.0,58.0,149.0,147.0,8.0,13.0,44.0,45.0,14.0,232.0,31.0,65.0,1.16,0.83
20200610,6,Fuzhou,39.0,12.0,11.0,39.0,25.0,4.0,4.0,18.0,24.0,17.0,37.0,17.0,17.0,0.66,0.64
20200610,6,Xining,61.0,29.0,31.0,72.0,77.0,6.0,8.0,21.0,20.0,71.0,135.0,86.0,98.0,0.45,0.65
20200610,6,Xi'an,54.0,30.0,24.0,58.0,44.0,5.0,5.0,39.0,32.0,8.0,55.0,9.0,11.0,0.63,0.57
20200610,6,Guiyang,58.0,32.0,22.0,66.0,46.0,9.0,9.0,36.0,25.0,8.0,138.0,12.0,20.0,0.74,0.7
20200610,6,Zhengzhou,55.0,39.0,42.0,59.0,65.0,7.0,6.0,27.0,32.0,55.0,115.0,54.0,59.0,0.76,0.8
20200610,6,Chongqing,49.0,30.0,25.0,49.0,43.0,5.0,5.0,39.0,38.0,11.0,69.0,10.0,11.0,0.89,0.73
20200610,6,Yinchuan,58.0,24.0,22.0,66.0,51.0,11.0,12.0,24.0,27.0,61.0,172.0,62.0,62.0,0.54,0.46
20200610,6,Changchun,73.0,53.0,42.0,80.0,66.0,5.0,7.0,81.0,47.0,7.0,120.0,7.0,11.0,0.7,0.67
20200610,6,Changsha,34.0,24.0,24.0,22.0,31.0,4.0,5.0,8.0,17.0,57.0,99.0,56.0,56.0,0.76,0.73
20200610,7,Shanghai,44.0,31.0,12.0,29.0,14.0,5.0,5.0,26.0,23.0,28.0,71.0,36.0,48.0,0.53,0.52
20200610,7,Urumqi,78.0,21.0,14.0,106.0,63.0,10.0,9.0,57.0,36.0,30.0,124.0,35.0,43.0,0.67,0.62
20200610,7,Lanzhou,96.0,41.0,33.0,142.0,97.0,11.0,12.0,56.0,35.0,25.0,187.0,42.0,95.0,0.7,0.6
20200610,7,Beijing,95.0,71.0,56.0,52.0,97.0,2.0,7.0,22.0,25.0,44.0,152.0,48.0,62.0,1.1,1.04
20200610,7,Nanjing,52.0,27.0,19.0,54.0,42.0,8.0,6.0,40.0,28.0,10.0,150.0,16.0,34.0,0.99,0.79
20200610,7,Nanning,40.0,22.0,18.0,40.0,38.0,5.0,5.0,23.0,26.0,21.0,103.0,19.0,24.0,0.7,0.67
20200610,7,Nanchang,21.0,11.0,8.0,21.0,18.0,8.0,6.0,25.0,20.0,10.0,75.0,17.0,22.0,0.56,0.47
20200610,7,Hefei,50.0,24.0,25.0,50.0,51.0,5.0,5.0,27.0,25.0,24.0,132.0,44.0,70.0,0.57,0.54
20200610,7,Hohhot,54.0,21.0,18.0,58.0,43.0,7.0,7.0,36.0,17.0,34.0,137.0,54.0,88.0,0.55,0.53
20200610,7,Harbin,55.0,26.0,17.0,60.0,53.0,12.0,11.0,51.0,27.0,43.0,123.0,52.0,66.0,0.62,0.44
20200610,7,Tianjin,98.0,73.0,57.0,82.0,90.0,6.0,8.0,44.0,36.0,16.0,105.0,32.0,61.0,0.98,0.87
20200610,7,Taiyuan,201.0,151.0,80.0,269.0,161.0,24.0,27.0,57.0,52.0,34.0,206.0,56.0,114.0,1.59,1.15
20200610,7,Guangzhou,30.0,18.0,13.0,30.0,26.0,7.0,5.0,41.0,38.0,5.0,79.0,5.0,7.0,0.83,0.73
20200610,7,Chengdu,43.0,22.0,29.0,43.0,59.0,4.0,5.0,32.0,28.0,47.0,226.0,73.0,93.0,0.61,0.54
20200610,7,Lhasa,27.0,7.0,10.0,14.0,25.0,6.0,7.0,13.0,16.0,85.0,134.0,86.0,89.0,0.45,0.47
20200610,7,Kunming,27.0,11.0,13.0,27.0,28.0,8.0,8.0,17.0,15.0,32.0,98.0,32.0,33.0,0.6,0.58
20200610,7,Hangzhou,36.0,20.0,20.0,36.0,35.0,4.0,5.0,37.0,26.0,7.0,146.0,14.0,22.0,0.56,0.52
20200610,7,Wuhan,68.0,49.0,25.0,59.0,36.0,5.0,6.0,18.0,20.0,48.0,120.0,44.0,46.0,0.79,0.82
20200610,7,Shenyang,63.0,30.0,39.0,76.0,92.0,44.0,25.0,56.0,38.0,39.0,178.0,39.0,54.0,1.07,0.77
20200610,7,Jinan,61.0,38.0,36.0,72.0,83.0,12.0,9.0,40.0,30.0,25.0,131.0,30.0,52.0,0.65,0.69
20200610,7,Haikou,13.0,7.0,9.0,13.0,24.0,4.0,4.0,8.0,13.0,33.0,74.0,34.0,35.0,0.6,0.57
20200610,7,Shijiazhuang,109.0,82.0,60.0,158.0,149.0,8.0,13.0,43.0,44.0,20.0,232.0,29.0,65.0,1.13,0.84
20200610,7,Fuzhou,38.0,13.0,11.0,38.0,25.0,4.0,4.0,17.0,23.0,11.0,37.0,13.0,13.0,0.66,0.62
20200610,7,Xining,63.0,29.0,31.0,76.0,78.0,6.0,8.0,36.0,20.0,44.0,135.0,79.0,98.0,0.55,0.65
20200610,7,Xi'an,56.0,29.0,25.0,61.0,46.0,5.0,5.0,40.0,33.0,8.0,54.0,8.0,10.0,0.65,0.57
20200610,7,Guiyang,57.0,32.0,22.0,64.0,48.0,9.0,9.0,32.0,26.0,9.0,138.0,12.0,20.0,0.77,0.7
20200610,7,Zhengzhou,54.0,38.0,41.0,51.0,65.0,8.0,6.0,29.0,32.0,58.0,115.0,55.0,59.0,0.83,0.81
20200610,7,Chongqing,52.0,29.0,25.0,53.0,44.0,5.0,5.0,40.0,39.0,8.0,69.0,10.0,12.0,0.99,0.74
20200610,7,Yinchuan,58.0,26.0,22.0,65.0,51.0,14.0,12.0,25.0,26.0,57.0,172.0,61.0,62.0,0.62,0.46
20200610,7,Changchun,74.0,54.0,42.0,87.0,67.0,6.0,6.0,81.0,49.0,10.0,120.0,7.0,11.0,0.8,0.66
20200610,7,Changsha,23.0,16.0,24.0,10.0,31.0,4.0,4.0,10.0,16.0,58.0,99.0,56.0,56.0,0.77,0.73
20200610,8,Shanghai,51.0,36.0,13.0,32.0,15.0,5.0,5.0,33.0,23.0,30.0,71.0,35.0,48.0,0.59,0.52
20200610,8,Urumqi,76.0,24.0,14.0,102.0,63.0,9.0,9.0,57.0,37.0,32.0,124.0,34.0,43.0,0.78,0.63
20200610,8,Lanzhou,100.0,44.0,34.0,150.0,100.0,17.0,12.0,64.0,35.0,24.0,187.0,40.0,95.0,0.9,0.6
20200610,8,Beijing,88.0,65.0,57.0,53.0,95.0,2.0,7.0,24.0,25.0,50.0,152.0,49.0,62.0,1.04,1.06
20200610,8,Nanjing,51.0,24.0,20.0,52.0,43.0,8.0,6.0,36.0,29.0,17.0,150.0,16.0,34.0,1.06,0.81
20200610,8,Nanning,41.0,22.0,18.0,41.0,38.0,5.0,5.0,23.0,26.0,23.0,103.0,20.0,25.0,0.73,0.67
20200610,8,Nanchang,32.0,15.0,9.0,32.0,18.0,11.0,6.0,24.0,20.0,12.0,75.0,16.0,22.0,0.5,0.47
20200610,8,Hefei,58.0,27.0,25.0,65.0,51.0,5.0,5.0,32.0,25.0,24.0,132.0,41.0,70.0,0.67,0.54
20200610,8,Hohhot,54.0,22.0,18.0,58.0,44.0,12.0,7.0,34.0,18.0,48.0,137.0,54.0,88.0,0.65,0.53
20200610,8,Harbin,58.0,29.0,17.0,65.0,54.0,12.0,11.0,43.0,28.0,58.0,123.0,52.0,67.0,0.61,0.44
20200610,8,Tianjin,100.0,75.0,59.0,78.0,87.0,6.0,8.0,40.0,35.0,19.0,105.0,31.0,61.0,1.3,0.89
20200610,8,Taiyuan,203.0,153.0,82.0,261.0,164.0,29.0,26.0,55.0,52.0,51.0,206.0,55.0,114.0,1.73,1.19
20200610,8,Guangzhou,33.0,19.0,14.0,33.0,26.0,8.0,6.0,42.0,38.0,7.0,79.0,5.0,7.0,0.89,0.73
20200610,8,Chengdu,47.0,24.0,29.0,47.0,58.0,4.0,5.0,28.0,27.0,56.0,226.0,71.0,93.0,0.66,0.56
20200610,8,Lhasa,31.0,22.0,11.0,24.0,25.0,7.0,7.0,17.0,16.0,79.0,134.0,85.0,89.0,0.47,0.45
20200610,8,Kunming,27.0,14.0,12.0,27.0,28.0,10.0,8.0,21.0,16.0,29.0,98.0,31.0,34.0,0.77,0.62
20200610,8,Hangzhou,30.0,17.0,20.0,30.0,34.0,4.0,5.0,37.0,27.0,9.0,146.0,13.0,22.0,0.6,0.53
20200610,8,Wuhan,66.0,48.0,25.0,63.0,36.0,5.0,6.0,21.0,19.0,45.0,120.0,45.0,46.0,0.79,0.81
20200610,8,Shenyang,68.0,34.0,39.0,85.0,92.0,43.0,25.0,45.0,38.0,61.0,178.0,42.0,55.0,1.06,0.78
20200610,8,Jinan,70.0,44.0,37.0,89.0,84.0,14.0,9.0,28.0,30.0,46.0,130.0,32.0,52.0,0.73,0.7
20200610,8,Haikou,14.0,7.0,9.0,14.0,23.0,4.0,3.0,11.0,13.0,35.0,74.0,34.0,35.0,0.63,0.57
20200610,8,Shijiazhuang,105.0,79.0,61.0,157.0,151.0,8.0,12.0,36.0,42.0,37.0,232.0,30.0,65.0,1.06,0.84
20200610,8,Fuzhou,38.0,15.0,10.0,38.0,26.0,5.0,4.0,19.0,23.0,12.0,37.0,13.0,13.0,0.62,0.62
20200610,8,Xining,61.0,29.0,30.0,72.0,74.0,7.0,8.0,34.0,24.0,42.0,132.0,75.0,98.0,0.6,0.6
20200610,8,Xi'an,55.0,31.0,25.0,59.0,48.0,5.0,5.0,39.0,34.0,16.0,54.0,9.0,11.0,0.7,0.6
20200610,8,Guiyang,56.0,28.0,23.0,61.0,49.0,9.0,9.0,33.0,27.0,11.0,138.0,12.0,20.0,0.82,0.72
20200610,8,Zhengzhou,53.0,37.0,41.0,56.0,65.0,9.0,6.0,27.0,32.0,70.0,115.0,56.0,59.0,0.9,0.81
20200610,8,Chongqing,52.0,31.0,26.0,54.0,44.0,6.0,5.0,41.0,40.0,8.0,69.0,9.0,11.0,1.05,0.76
20200610,8,Yinchuan,59.0,25.0,22.0,67.0,52.0,26.0,13.0,32.0,26.0,56.0,172.0,60.0,62.0,0.96,0.46
20200610,8,Changchun,68.0,47.0,42.0,85.0,67.0,6.0,6.0,78.0,51.0,23.0,120.0,9.0,12.0,0.74,0.66
20200610,8,Changsha,18.0,12.0,24.0,8.0,30.0,4.0,5.0,11.0,16.0,57.0,99.0,56.0,56.0,0.77,0.73
20200610,9,Shanghai,55.0,39.0,15.0,38.0,16.0,5.0,5.0,38.0,23.0,32.0,71.0,33.0,48.0,0.71,0.53
20200610,9,Urumqi,84.0,21.0,14.0,118.0,64.0,10.0,9.0,55.0,38.0,34.0,124.0,34.0,44.0,0.78,0.63
20200610,9,Lanzhou,85.0,36.0,34.0,120.0,103.0,27.0,12.0,54.0,35.0,67.0,187.0,36.0,95.0,0.88,0.6
20200610,9,Beijing,81.0,60.0,59.0,38.0,92.0,2.0,7.0,21.0,24.0,70.0,152.0,49.0,62.0,0.9,1.06
20200610,9,Nanjing,46.0,21.0,20.0,46.0,43.0,7.0,6.0,33.0,29.0,32.0,150.0,16.0,34.0,0.98,0.83
20200610,9,Nanning,46.0,22.0,19.0,46.0,39.0,5.0,5.0,24.0,26.0,32.0,103.0,21.0,25.0,0.71,0.67
20200610,9,Nanchang,38.0,15.0,9.0,38.0,19.0,13.0,6.0,23.0,20.0,15.0,75.0,16.0,22.0,0.53,0.47
20200610,9,Hefei,62.0,29.0,25.0,74.0,51.0,5.0,5.0,36.0,26.0,26.0,132.0,36.0,70.0,0.73,0.58
20200610,9,Hohhot,56.0,24.0,18.0,61.0,45.0,16.0,8.0,29.0,18.0,70.0,137.0,51.0,88.0,0.64,0.51
20200610,9,Harbin,60.0,34.0,18.0,70.0,55.0,12.0,10.0,46.0,29.0,58.0,123.0,51.0,67.0,0.65,0.44
20200610,9,Tianjin,110.0,83.0,60.0,73.0,84.0,8.0,8.0,29.0,35.0,43.0,105.0,28.0,61.0,1.81,0.92
20200610,9,Taiyuan,207.0,157.0,86.0,268.0,168.0,37.0,26.0,56.0,52.0,82.0,206.0,51.0,114.0,1.96,1.21
20200610,9,Guangzhou,38.0,21.0,14.0,38.0,27.0,9.0,6.0,47.0,38.0,14.0,79.0,6.0,8.0,0.91,0.73
20200610,9,Chengdu,51.0,27.0,28.0,52.0,58.0,5.0,4.0,30.0,27.0,65.0,226.0,68.0,93.0,0.69,0.56
20200610,9,Lhasa,31.0,22.0,12.0,27.0,25.0,7.0,7.0,19.0,15.0,77.0,134.0,86.0,90.0,0.52,0.45
20200610,9,Kunming,33.0,14.0,12.0,33.0,29.0,9.0,8.0,16.0,16.0,37.0,98.0,32.0,34.0,0.7,0.6
20200610,9,Hangzhou,32.0,20.0,19.0,32.0,34.0,4.0,5.0,36.0,28.0,16.0,146.0,13.0,22.0,0.63,0.53
20200610,9,Wuhan,56.0,38.0,26.0,62.0,37.0,5.0,6.0,20.0,19.0,47.0,120.0,46.0,47.0,0.81,0.8
20200610,9,Shenyang,68.0,34.0,39.0,85.0,92.0,39.0,25.0,32.0,38.0,84.0,178.0,46.0,57.0,0.97,0.78
20200610,9,Jinan,63.0,40.0,37.0,75.0,83.0,15.0,9.0,20.0,30.0,68.0,129.0,35.0,54.0,0.83,0.7
20200610,9,Haikou,21.0,7.0,9.0,21.0,23.0,3.0,3.0,11.0,13.0,37.0,74.0,35.0,36.0,0.6,0.57
20200610,9,Shijiazhuang,105.0,79.0,63.0,154.0,153.0,10.0,12.0,31.0,40.0,63.0,232.0,30.0,65.0,1.09,0.84
20200610,9,Fuzhou,40.0,16.0,10.0,40.0,27.0,5.0,4.0,22.0,23.0,17.0,37.0,11.0,12.0,0.66,0.62
20200610,9,Xining,66.0,41.0,31.0,82.0,75.0,11.0,8.0,49.0,24.0,28.0,132.0,47.0,68.0,0.7,0.53
20200610,9,Xi'an,60.0,36.0,26.0,69.0,49.0,6.0,5.0,33.0,35.0,37.0,54.0,13.0,14.0,0.73,0.62
20200610,9,Guiyang,55.0,30.0,23.0,60.0,51.0,9.0,9.0,33.0,27.0,19.0,138.0,12.0,20.0,0.77,0.72
20200610,9,Zhengzhou,58.0,38.0,41.0,65.0,65.0,9.0,6.0,24.0,32.0,87.0,115.0,60.0,62.0,0.89,0.82
20200610,9,Chongqing,51.0,30.0,26.0,51.0,45.0,6.0,5.0,45.0,41.0,17.0,69.0,10.0,11.0,0.96,0.76
20200610,9,Yinchuan,69.0,28.0,22.0,88.0,53.0,23.0,13.0,36.0,26.0,59.0,172.0,62.0,62.0,0.9,0.48
20200610,9,Changchun,62.0,38.0,42.0,73.0,67.0,6.0,6.0,56.0,51.0,64.0,120.0,15.0,17.0,0.64,0.66
20200610,9,Changsha,20.0,14.0,24.0,13.0,30.0,4.0,5.0,13.0,16.0,56.0,99.0,56.0,57.0,0.79,0.73
20200610,10,Shanghai,55.0,39.0,16.0,43.0,17.0,5.0,5.0,47.0,24.0,31.0,71.0,31.0,48.0,0.79,0.53
20200610,10,Urumqi,58.0,19.0,15.0,66.0,64.0,11.0,9.0,37.0,38.0,52.0,124.0,37.0,47.0,0.7,0.65
20200610,10,Lanzhou,76.0,34.0,35.0,102.0,104.0,24.0,11.0,49.0,35.0,110.0,187.0,43.0,95.0,0.9,0.6
20200610,10,Beijing,66.0,48.0,59.0,36.0,89.0,2.0,6.0,17.0,24.0,94.0,152.0,54.0,63.0,0.8,1.07
20200610,10,Nanjing,43.0,19.0,20.0,43.0,44.0,7.0,6.0,32.0,30.0,54.0,150.0,20.0,34.0,0.91,0.84
20200610,10,Nanning,46.0,19.0,19.0,46.0,39.0,5.0,5.0,23.0,26.0,40.0,103.0,23.0,26.0,0.67,0.67
20200610,10,Nanchang,48.0,16.0,9.0,48.0,19.0,15.0,6.0,21.0,21.0,24.0,75.0,16.0,23.0,0.57,0.47
20200610,10,Hefei,62.0,32.0,25.0,74.0,52.0,5.0,5.0,42.0,27.0,25.0,132.0,31.0,70.0,0.84,0.58
20200610,10,Hohhot,56.0,22.0,18.0,61.0,46.0,17.0,8.0,19.0,18.0,94.0,137.0,54.0,88.0,0.6,0.51
20200610,10,Harbin,61.0,32.0,19.0,71.0,57.0,12.0,10.0,44.0,30.0,61.0,123.0,51.0,67.0,0.6,0.46
20200610,10,Tianjin,101.0,76.0,62.0,87.0,82.0,7.0,8.0,27.0,34.0,69.0,105.0,31.0,61.0,1.58,0.94
20200610,10,Taiyuan,199.0,149.0,88.0,250.0,170.0,46.0,26.0,52.0,51.0,136.0,206.0,57.0,114.0,2.09,1.23
20200610,10,Guangzhou,41.0,22.0,14.0,41.0,27.0,8.0,6.0,53.0,39.0,31.0,79.0,9.0,11.0,0.89,0.73
20200610,10,Chengdu,53.0,29.0,28.0,56.0,57.0,5.0,4.0,24.0,26.0,90.0,226.0,68.0,93.0,0.64,0.57
20200610,10,Lhasa,27.0,17.0,12.0,27.0,25.0,7.0,7.0,16.0,15.0,84.0,134.0,86.0,90.0,0.5,0.45
20200610,10,Kunming,27.0,16.0,12.0,27.0,28.0,8.0,8.0,15.0,16.0,43.0,98.0,34.0,35.0,0.62,0.6
20200610,10,Hangzhou,36.0,23.0,19.0,36.0,34.0,4.0,5.0,40.0,28.0,26.0,146.0,14.0,22.0,0.68,0.53
20200610,10,Wuhan,52.0,34.0,26.0,53.0,37.0,5.0,6.0,19.0,19.0,51.0,120.0,47.0,48.0,0.8,0.8
20200610,10,Shenyang,64.0,32.0,39.0,78.0,92.0,25.0,25.0,25.0,38.0,95.0,178.0,51.0,60.0,0.85,0.77
20200610,10,Jinan,63.0,40.0,38.0,75.0,82.0,14.0,9.0,17.0,30.0,101.0,129.0,43.0,57.0,0.86,0.7
20200610,10,Haikou,22.0,8.0,9.0,22.0,23.0,3.0,3.0,9.0,13.0,47.0,74.0,36.0,36.0,0.6,0.57
20200610,10,Shijiazhuang,109.0,82.0,65.0,160.0,154.0,9.0,11.0,29.0,38.0,99.0,232.0,38.0,65.0,1.14,0.84
20200610,10,Fuzhou,42.0,18.0,10.0,42.0,27.0,4.0,4.0,25.0,23.0,20.0,37.0,13.0,13.0,0.66,0.62
20200610,10,Xining,71.0,44.0,31.0,92.0,76.0,10.0,8.0,40.0,24.0,57.0,132.0,51.0,74.0,0.77,0.47
20200610,10,Xi'an,57.0,34.0,27.0,64.0,51.0,6.0,5.0,27.0,35.0,67.0,68.0,21.0,21.0,0.67,0.62
20200610,10,Guiyang,52.0,27.0,24.0,53.0,52.0,9.0,9.0,32.0,28.0,24.0,138.0,13.0,20.0,0.78,0.74
20200610,10,Zhengzhou,59.0,38.0,41.0,67.0,66.0,9.0,7.0,20.0,31.0,115.0,118.0,68.0,68.0,0.86,0.82
20200610,10,Chongqing,51.0,31.0,26.0,52.0,45.0,8.0,5.0,47.0,41.0,28.0,69.0,13.0,14.0,0.97,0.78
20200610,10,Yinchuan,67.0,29.0,22.0,84.0,55.0,20.0,13.0,39.0,26.0,58.0,172.0,61.0,63.0,0.84,0.52
20200610,10,Changchun,63.0,36.0,41.0,75.0,67.0,7.0,6.0,34.0,51.0,114.0,122.0,26.0,27.0,0.73,0.66
20200610,10,Changsha,18.0,12.0,24.0,12.0,29.0,4.0,5.0,13.0,16.0,57.0,99.0,56.0,57.0,0.79,0.74
20200610,11,Shanghai,56.0,40.0,17.0,50.0,19.0,5.0,5.0,53.0,25.0,29.0,71.0,30.0,48.0,0.9,0.54
20200610,11,Urumqi,44.0,11.0,15.0,44.0,64.0,10.0,9.0,17.0,38.0,82.0,124.0,45.0,52.0,0.55,0.65
20200610,11,Lanzhou,77.0,33.0,35.0,104.0,106.0,20.0,11.0,42.0,35.0,155.0,187.0,58.0,95.0,0.8,0.6
20200610,11,Beijing,55.0,39.0,60.0,30.0,86.0,2.0,6.0,16.0,23.0,120.0,152.0,63.0,67.0,0.7,1.07
20200610,11,Nanjing,43.0,21.0,21.0,43.0,44.0,7.0,7.0,31.0,30.0,78.0,150.0,28.0,35.0,0.87,0.84
20200610,11,Nanning,38.0,17.0,19.0,38.0,39.0,5.0,5.0,18.0,26.0,56.0,103.0,28.0,29.0,0.64,0.66
20200610,11,Nanchang,35.0,17.0,9.0,35.0,19.0,12.0,7.0,14.0,20.0,55.0,75.0,20.0,23.0,0.56,0.47
20200610,11,Hefei,55.0,38.0,26.0,60.0,51.0,5.0,5.0,43.0,27.0,28.0,132.0,29.0,70.0,0.79,0.6
20200610,11,Hohhot,53.0,21.0,18.0,56.0,47.0,11.0,8.0,13.0,18.0,111.0,137.0,59.0,88.0,0.51,0.51
20200610,11,Harbin,59.0,34.0,19.0,67.0,57.0,11.0,10.0,44.0,31.0,58.0,123.0,52.0,68.0,0.6,0.47
20200610,11,Tianjin,100.0,75.0,63.0,95.0,81.0,13.0,7.0,27.0,33.0,104.0,110.0,39.0,61.0,1.49,0.96
20200610,11,Taiyuan,156.0,119.0,88.0,201.0,170.0,38.0,26.0,39.0,50.0,193.0,206.0,74.0,115.0,1.79,1.25
20200610,11,Guangzhou,41.0,21.0,14.0,41.0,27.0,7.0,6.0,47.0,39.0,71.0,83.0,17.0,19.0,0.84,0.74
20200610,11,Chengdu,57.0,35.0,28.0,64.0,57.0,5.0,4.0,23.0,26.0,121.0,226.0,73.0,93.0,0.63,0.57
20200610,11,Lhasa,28.0,13.0,12.0,18.0,24.0,6.0,7.0,14.0,15.0,89.0,134.0,86.0,90.0,0.5,0.45
20200610,11,Kunming,30.0,19.0,12.0,30.0,29.0,8.0,8.0,14.0,16.0,48.0,98.0,36.0,36.0,0.63,0.6
20200610,11,Hangzhou,40.0,26.0,19.0,40.0,34.0,4.0,4.0,43.0,29.0,39.0,146.0,16.0,23.0,0.76,0.54
20200610,11,Wuhan,43.0,29.0,26.0,43.0,36.0,5.0,5.0,18.0,18.0,56.0,120.0,48.0,49.0,0.77,0.79
20200610,11,Shenyang,65.0,34.0,39.0,80.0,92.0,18.0,25.0,21.0,38.0,95.0,178.0,57.0,63.0,0.92,0.76
20200610,11,Jinan,70.0,46.0,38.0,90.0,83.0,14.0,10.0,17.0,30.0,150.0,155.0,58.0,64.0,0.89,0.73
20200610,11,Haikou,26.0,9.0,9.0,26.0,23.0,3.0,3.0,8.0,13.0,56.0,74.0,39.0,39.0,0.6,0.57
20200610,11,Shijiazhuang,106.0,80.0,66.0,160.0,155.0,10.0,10.0,25.0,37.0,146.0,232.0,52.0,68.0,1.17,0.84
20200610,11,Fuzhou,47.0,22.0,10.0,47.0,28.0,5.0,4.0,29.0,23.0,25.0,37.0,14.0,14.0,0.66,0.62
20200610,11,Xining,56.0,37.0,33.0,62.0,75.0,10.0,8.0,29.0,24.0,81.0,132.0,56.0,79.0,0.73,0.47
20200610,11,Xi'an,56.0,34.0,28.0,62.0,52.0,6.0,5.0,26.0,35.0,93.0,93.0,31.0,31.0,0.67,0.62
20200610,11,Guiyang,47.0,26.0,24.0,47.0,52.0,8.0,9.0,31.0,29.0,31.0,138.0,15.0,21.0,0.77,0.74
20200610,11,Zhengzhou,59.0,33.0,40.0,67.0,65.0,9.0,7.0,16.0,31.0,145.0,145.0,79.0,79.0,0.75,0.81
20200610,11,Chongqing,50.0,30.0,26.0,50.0,46.0,8.0,5.0,47.0,42.0,45.0,69.0,17.0,17.0,1.01,0.82
20200610,11,Yinchuan,64.0,29.0,22.0,78.0,56.0,19.0,13.0,29.0,27.0,77.0,172.0,62.0,64.0,0.68,0.52
20200610,11,Changchun,66.0,27.0,41.0,81.0,67.0,7.0,6.0,16.0,51.0,133.0,141.0,42.0,42.0,0.6,0.66
20200610,11,Changsha,19.0,13.0,24.0,15.0,29.0,4.0,5.0,14.0,16.0,59.0,99.0,57.0,57.0,0.76,0.74
20200610,12,Shanghai,59.0,42.0,18.0,46.0,20.0,5.0,5.0,57.0,27.0,40.0,72.0,31.0,48.0,0.87,0.56
20200610,12,Urumqi,62.0,11.0,15.0,73.0,66.0,9.0,9.0,15.0,37.0,85.0,124.0,52.0,56.0,0.58,0.65
20200610,12,Lanzhou,75.0,31.0,35.0,100.0,108.0,13.0,11.0,33.0,35.0,128.0,187.0,69.0,95.0,0.7,0.6
20200610,12,Beijing,61.0,44.0,60.0,43.0,84.0,2.0,6.0,17.0,23.0,143.0,158.0,75.0,78.0,0.75,1.08
20200610,12,Nanjing,43.0,22.0,21.0,43.0,45.0,7.0,7.0,33.0,31.0,92.0,150.0,38.0,41.0,0.93,0.86
20200610,12,Nanning,32.0,17.0,19.0,32.0,39.0,5.0,5.0,13.0,26.0,75.0,103.0,34.0,34.0,0.61,0.66
20200610,12,Nanchang,32.0,16.0,9.0,32.0,20.0,10.0,7.0,14.0,20.0,63.0,76.0,26.0,26.0,0.51,0.49
20200610,12,Hefei,51.0,36.0,26.0,31.0,51.0,4.0,5.0,38.0,28.0,38.0,132.0,28.0,70.0,0.72,0.61
20200610,12,Hohhot,51.0,18.0,18.0,51.0,47.0,9.0,8.0,12.0,18.0,113.0,137.0,67.0,88.0,0.44,0.51
20200610,12,Harbin,58.0,30.0,20.0,66.0,57.0,11.0,10.0,39.0,32.0,69.0,116.0,54.0,69.0,0.58,0.47
20200610,12,Tianjin,95.0,71.0,64.0,95.0,81.0,6.0,7.0,23.0,33.0,143.0,143.0,53.0,63.0,1.4,0.99
20200610,12,Taiyuan,114.0,77.0,87.0,137.0,167.0,26.0,24.0,26.0,48.0,227.0,227.0,97.0,118.0,1.38,1.23
20200610,12,Guangzhou,42.0,21.0,15.0,42.0,28.0,7.0,6.0,41.0,39.0,126.0,128.0,33.0,33.0,0.82,0.74
20200610,12,Chengdu,60.0,39.0,28.0,69.0,57.0,5.0,4.0,21.0,26.0,155.0,226.0,82.0,94.0,0.63,0.57
20200610,12,Lhasa,30.0,11.0,12.0,28.0,24.0,6.0,7.0,12.0,15.0,95.0,134.0,87.0,90.0,0.5,0.45
20200610,12,Kunming,25.0,16.0,12.0,25.0,29.0,7.0,8.0,16.0,16.0,59.0,98.0,39.0,39.0,0.57,0.6
20200610,12,Hangzhou,43.0,29.0,19.0,43.0,34.0,5.0,4.0,38.0,30.0,88.0,146.0,24.0,26.0,0.82,0.55
20200610,12,Wuhan,36.0,25.0,26.0,35.0,36.0,5.0,5.0,16.0,18.0,62.0,120.0,50.0,51.0,0.76,0.8
20200610,12,Shenyang,64.0,34.0,39.0,78.0,92.0,16.0,25.0,18.0,38.0,97.0,178.0,65.0,69.0,0.86,0.77
20200610,12,Jinan,99.0,48.0,38.0,96.0,83.0,13.0,10.0,14.0,29.0,199.0,191.0,77.0,77.0,0.8,0.73
20200610,12,Haikou,25.0,11.0,9.0,25.0,23.0,4.0,3.0,8.0,13.0,64.0,74.0,42.0,42.0,0.52,0.57
20200610,12,Shijiazhuang,102.0,66.0,67.0,154.0,156.0,11.0,10.0,21.0,37.0,200.0,232.0,75.0,81.0,1.11,0.9
20200610,12,Fuzhou,47.0,24.0,11.0,47.0,29.0,4.0,4.0,31.0,23.0,34.0,41.0,17.0,17.0,0.7,0.62
20200610,12,Xining,61.0,39.0,34.0,71.0,77.0,9.0,8.0,22.0,24.0,105.0,132.0,63.0,83.0,0.5,0.47
20200610,12,Xi'an,57.0,36.0,28.0,63.0,53.0,5.0,5.0,26.0,36.0,122.0,122.0,45.0,45.0,0.71,0.63
20200610,12,Guiyang,37.0,23.0,25.0,37.0,52.0,8.0,9.0,31.0,30.0,31.0,138.0,18.0,22.0,0.82,0.76
20200610,12,Zhengzhou,65.0,28.0,40.0,59.0,65.0,8.0,7.0,13.0,30.0,172.0,172.0,94.0,94.0,0.65,0.81
20200610,12,Chongqing,43.0,28.0,27.0,43.0,46.0,8.0,5.0,44.0,43.0,65.0,72.0,24.0,24.0,0.88,0.83
20200610,12,Yinchuan,65.0,27.0,23.0,79.0,58.0,12.0,13.0,16.0,27.0,104.0,172.0,67.0,68.0,0.46,0.52
20200610,12,Changchun,60.0,19.0,41.0,70.0,67.0,6.0,5.0,13.0,51.0,143.0,143.0,61.0,61.0,0.48,0.66
20200610,12,Changsha,18.0,11.0,24.0,18.0,28.0,4.0,5.0,15.0,16.0,56.0,99.0,57.0,57.0,0.74,0.74
20200610,13,Shanghai,60.0,43.0,20.0,46.0,21.0,5.0,5.0,55.0,28.0,45.0,72.0,33.0,49.0,0.86,0.57
20200610,13,Urumqi,56.0,16.0,15.0,61.0,66.0,10.0,9.0,16.0,37.0,92.0,124.0,57.0,60.0,0.58,0.65
20200610,13,Lanzhou,64.0,26.0,36.0,78.0,109.0,11.0,11.0,26.0,35.0,139.0,184.0,83.0,98.0,0.63,0.6
20200610,13,Beijing,69.0,50.0,61.0,38.0,83.0,2.0,5.0,15.0,22.0,166.0,175.0,90.0,93.0,0.74,1.06
20200610,13,Nanjing,47.0,25.0,21.0,47.0,45.0,8.0,7.0,36.0,32.0,100.0,150.0,49.0,49.0,1.3,0.9
20200610,13,Nanning,37.0,16.0,19.0,37.0,39.0,5.0,5.0,9.0,26.0,80.0,103.0,42.0,42.0,0.62,0.66
20200610,13,Nanchang,30.0,15.0,10.0,30.0,20.0,8.0,7.0,13.0,20.0,64.0,76.0,32.0,32.0,0.51,0.49
20200610,13,Hefei,39.0,27.0,26.0,24.0,49.0,4.0,5.0,36.0,29.0,49.0,132.0,30.0,70.0,0.68,0.61
20200610,13,Hohhot,43.0,13.0,17.0,43.0,47.0,7.0,8.0,7.0,18.0,114.0,137.0,76.0,89.0,0.44,0.51
20200610,13,Harbin,36.0,21.0,20.0,36.0,55.0,11.0,10.0,29.0,33.0,81.0,115.0,59.0,70.0,0.61,0.47
20200610,13,Tianjin,93.0,69.0,65.0,81.0,80.0,6.0,7.0,21.0,32.0,182.0,178.0,72.0,76.0,1.34,1.01
20200610,13,Taiyuan,115.0,43.0,84.0,81.0,161.0,18.0,23.0,16.0,46.0,229.0,235.0,122.0,128.0,1.0,1.2
20200610,13,Guangzhou,49.0,19.0,15.0,38.0,28.0,6.0,6.0,29.0,39.0,157.0,162.0,52.0,52.0,0.73,0.74
20200610,13,Chengdu,86.0,41.0,28.0,71.0,57.0,5.0,4.0,19.0,26.0,189.0,226.0,97.0,101.0,0.63,0.57
20200610,13,Lhasa,32.0,9.0,12.0,21.0,24.0,7.0,7.0,10.0,15.0,103.0,134.0,88.0,90.0,0.45,0.45
20200610,13,Kunming,31.0,15.0,12.0,31.0,29.0,7.0,8.0,12.0,16.0,73.0,97.0,44.0,44.0,0.53,0.6
20200610,13,Hangzhou,41.0,27.0,19.0,40.0,34.0,5.0,4.0,33.0,31.0,132.0,146.0,40.0,40.0,0.76,0.57
20200610,13,Wuhan,30.0,20.0,25.0,30.0,35.0,5.0,5.0,17.0,18.0,69.0,119.0,53.0,53.0,0.79,0.79
20200610,13,Shenyang,62.0,31.0,39.0,74.0,91.0,16.0,25.0,18.0,38.0,99.0,178.0,74.0,76.0,0.76,0.78
20200610,13,Jinan,113.0,46.0,39.0,105.0,84.0,12.0,10.0,12.0,29.0,225.0,213.0,99.0,99.0,0.75,0.74
20200610,13,Haikou,25.0,13.0,9.0,25.0,23.0,3.0,3.0,7.0,13.0,76.0,78.0,47.0,47.0,0.47,0.57
20200610,13,Shijiazhuang,119.0,71.0,68.0,142.0,157.0,12.0,10.0,21.0,36.0,238.0,241.0,102.0,102.0,1.09,0.93
20200610,13,Fuzhou,35.0,22.0,12.0,35.0,30.0,4.0,4.0,24.0,23.0,65.0,69.0,24.0,24.0,0.6,0.62
20200610,13,Xining,61.0,32.0,35.0,72.0,78.0,9.0,8.0,16.0,24.0,120.0,132.0,70.0,87.0,0.43,0.47
20200610,13,Xi'an,60.0,36.0,29.0,70.0,54.0,5.0,5.0,23.0,35.0,153.0,153.0,63.0,63.0,0.7,0.63
20200610,13,Guiyang,33.0,18.0,25.0,33.0,52.0,8.0,9.0,26.0,30.0,37.0,138.0,21.0,24.0,0.7,0.74
20200610,13,Zhengzhou,85.0,25.0,39.0,55.0,64.0,7.0,7.0,12.0,30.0,188.0,188.0,111.0,111.0,0.6,0.8
20200610,13,Chongqing,43.0,27.0,27.0,43.0,46.0,7.0,6.0,38.0,43.0,85.0,88.0,32.0,32.0,0.8,0.83
20200610,13,Yinchuan,53.0,22.0,23.0,55.0,59.0,8.0,13.0,13.0,27.0,108.0,172.0,73.0,73.0,0.4,0.52
20200610,13,Changchun,59.0,21.0,41.0,67.0,68.0,6.0,5.0,14.0,51.0,134.0,143.0,77.0,77.0,0.52,0.66
20200610,13,Changsha,20.0,12.0,23.0,20.0,27.0,4.0,4.0,14.0,16.0,57.0,94.0,57.0,58.0,0.72,0.73
20200610,14,Shanghai,63.0,45.0,21.0,45.0,22.0,5.0,5.0,63.0,29.0,53.0,73.0,36.0,50.0,0.86,0.57
20200610,14,Urumqi,48.0,20.0,15.0,48.0,67.0,9.0,9.0,14.0,37.0,94.0,124.0,64.0,66.0,0.52,0.67
20200610,14,Lanzhou,56.0,25.0,36.0,61.0,109.0,7.0,10.0,15.0,34.0,138.0,184.0,98.0,103.0,0.53,0.6
20200610,14,Beijing,69.0,38.0,61.0,37.0,81.0,2.0,5.0,13.0,22.0,175.0,185.0,108.0,109.0,0.64,1.07
20200610,14,Nanjing,50.0,35.0,22.0,48.0,46.0,7.0,7.0,34.0,33.0,101.0,150.0,60.0,60.0,1.22,0.92
20200610,14,Nanning,33.0,15.0,19.0,33.0,39.0,5.0,5.0,9.0,26.0,83.0,101.0,51.0,51.0,0.59,0.66
20200610,14,Nanchang,29.0,14.0,10.0,29.0,20.0,8.0,7.0,11.0,20.0,71.0,77.0,39.0,39.0,0.47,0.49
20200610,14,Hefei,31.0,22.0,26.0,26.0,49.0,4.0,5.0,36.0,30.0,51.0,132.0,33.0,70.0,0.67,0.61
20200610,14,Hohhot,40.0,10.0,17.0,40.0,47.0,7.0,8.0,7.0,17.0,120.0,137.0,88.0,92.0,0.41,0.51
20200610,14,Harbin,43.0,21.0,20.0,43.0,54.0,11.0,11.0,34.0,34.0,81.0,114.0,63.0,71.0,0.58,0.49
20200610,14,Tianjin,106.0,60.0,65.0,64.0,80.0,5.0,6.0,19.0,32.0,211.0,203.0,96.0,97.0,1.21,1.01
20200610,14,Taiyuan,106.0,25.0,80.0,51.0,155.0,12.0,21.0,11.0,44.0,211.0,239.0,145.0,147.0,0.71,1.15
20200610,14,Guangzhou,47.0,15.0,15.0,29.0,28.0,5.0,6.0,19.0,39.0,151.0,174.0,70.0,70.0,0.65,0.74
20200610,14,Chengdu,108.0,42.0,28.0,73.0,57.0,4.0,4.0,18.0,26.0,216.0,227.0,117.0,117.0,0.63,0.57
20200610,14,Lhasa,34.0,8.0,12.0,13.0,24.0,7.0,7.0,7.0,15.0,109.0,134.0,90.0,91.0,0.47,0.45
20200610,14,Kunming,31.0,11.0,11.0,31.0,29.0,7.0,8.0,10.0,16.0,68.0,96.0,48.0,48.0,0.53,0.6
20200610,14,Hangzhou,48.0,27.0,19.0,39.0,34.0,4.0,4.0,25.0,32.0,153.0,157.0,58.0,58.0,0.73,0.58
20200610,14,Wuhan,29.0,15.0,25.0,26.0,35.0,5.0,5.0,12.0,18.0,94.0,118.0,58.0,58.0,0.68,0.79
20200610,14,Shenyang,59.0,27.0,38.0,67.0,90.0,12.0,25.0,20.0,38.0,99.0,178.0,83.0,83.0,0.73,0.78
20200610,14,Jinan,117.0,44.0,39.0,105.0,84.0,11.0,10.0,12.0,29.0,234.0,234.0,127.0,127.0,0.7,0.74
20200610,14,Haikou,30.0,15.0,9.0,30.0,23.0,3.0,3.0,10.0,14.0,83.0,82.0,53.0,53.0,0.47,0.57
20200610,14,Shijiazhuang,120.0,55.0,69.0,121.0,157.0,12.0,10.0,18.0,36.0,240.0,245.0,131.0,131.0,0.93,0.93
20200610,14,Fuzhou,36.0,23.0,12.0,36.0,31.0,4.0,4.0,21.0,23.0,86.0,86.0,34.0,34.0,0.56,0.62
20200610,14,Xining,61.0,23.0,35.0,72.0,78.0,10.0,8.0,17.0,24.0,126.0,133.0,78.0,89.0,0.43,0.43
20200610,14,Xi'an,71.0,33.0,29.0,66.0,55.0,5.0,5.0,20.0,35.0,177.0,177.0,84.0,84.0,0.67,0.63
20200610,14,Guiyang,30.0,20.0,25.0,30.0,52.0,8.0,9.0,24.0,31.0,40.0,138.0,25.0,27.0,0.7,0.74
20200610,14,Zhengzhou,99.0,21.0,38.0,50.0,63.0,6.0,6.0,11.0,29.0,199.0,199.0,129.0,129.0,0.54,0.8
20200610,14,Chongqing,42.0,26.0,28.0,42.0,47.0,6.0,6.0,37.0,44.0,100.0,101.0,44.0,44.0,0.79,0.84
20200610,14,Yinchuan,46.0,20.0,23.0,46.0,59.0,7.0,12.0,17.0,27.0,99.0,172.0,77.0,77.0,0.32,0.52
20200610,14,Changchun,59.0,8.0,41.0,67.0,70.0,4.0,5.0,17.0,51.0,120.0,143.0,92.0,92.0,0.52,0.64
20200610,14,Changsha,19.0,13.0,23.0,18.0,27.0,4.0,4.0,13.0,16.0,60.0,81.0,57.0,58.0,0.73,0.73
20200610,15,Shanghai,63.0,45.0,22.0,39.0,23.0,5.0,5.0,53.0,31.0,64.0,74.0,41.0,51.0,0.81,0.61
20200610,15,Urumqi,32.0,9.0,15.0,20.0,66.0,7.0,9.0,8.0,37.0,102.0,124.0,73.0,74.0,0.44,0.63
20200610,15,Lanzhou,57.0,23.0,36.0,64.0,109.0,6.0,10.0,13.0,34.0,134.0,180.0,112.0,112.0,0.53,0.6
20200610,15,Beijing,71.0,31.0,60.0,37.0,78.0,2.0,5.0,13.0,21.0,177.0,191.0,124.0,125.0,0.62,1.06
20200610,15,Nanjing,59.0,42.0,23.0,58.0,47.0,6.0,7.0,34.0,34.0,92.0,150.0,71.0,71.0,1.04,0.92
20200610,15,Nanning,38.0,14.0,19.0,38.0,39.0,5.0,5.0,11.0,25.0,75.0,100.0,58.0,58.0,0.57,0.66
20200610,15,Nanchang,30.0,12.0,10.0,30.0,20.0,7.0,7.0,11.0,20.0,79.0,81.0,48.0,48.0,0.51,0.49
20200610,15,Hefei,41.0,29.0,26.0,31.0,49.0,4.0,5.0,32.0,31.0,71.0,129.0,39.0,70.0,0.69,0.62
20200610,15,Hohhot,39.0,8.0,17.0,34.0,46.0,7.0,8.0,7.0,17.0,124.0,137.0,99.0,100.0,0.41,0.51
20200610,15,Harbin,41.0,19.0,20.0,41.0,54.0,11.0,11.0,33.0,34.0,78.0,114.0,68.0,73.0,0.57,0.5
20200610,15,Tianjin,107.0,57.0,66.0,70.0,79.0,4.0,6.0,16.0,31.0,213.0,217.0,121.0,121.0,1.0,1.01
20200610,15,Taiyuan,101.0,20.0,77.0,42.0,149.0,10.0,20.0,11.0,43.0,202.0,239.0,166.0,166.0,0.59,1.13
20200610,15,Guangzhou,44.0,12.0,15.0,25.0,27.0,5.0,6.0,18.0,39.0,142.0,178.0,87.0,87.0,0.59,0.74
20200610,15,Chengdu,110.0,39.0,29.0,69.0,57.0,4.0,4.0,16.0,26.0,219.0,229.0,139.0,139.0,0.63,0.57
20200610,15,Lhasa,34.0,7.0,12.0,16.0,24.0,6.0,7.0,9.0,15.0,109.0,134.0,93.0,94.0,0.42,0.45
20200610,15,Kunming,23.0,9.0,11.0,23.0,29.0,6.0,7.0,13.0,16.0,60.0,84.0,52.0,52.0,0.53,0.57
20200610,15,Hangzhou,33.0,18.0,19.0,29.0,34.0,4.0,4.0,20.0,32.0,106.0,157.0,71.0,71.0,0.68,0.59
20200610,15,Wuhan,32.0,16.0,25.0,21.0,34.0,5.0,5.0,13.0,18.0,102.0,118.0,66.0,66.0,0.66,0.79
20200610,15,Shenyang,57.0,30.0,37.0,63.0,88.0,14.0,25.0,20.0,38.0,98.0,178.0,91.0,91.0,0.74,0.78
20200610,15,Jinan,124.0,43.0,39.0,107.0,85.0,11.0,10.0,13.0,29.0,248.0,249.0,156.0,156.0,0.75,0.73
20200610,15,Haikou,32.0,15.0,9.0,32.0,22.0,3.0,3.0,13.0,14.0,92.0,92.0,60.0,60.0,0.43,0.57
20200610,15,Shijiazhuang,107.0,50.0,69.0,97.0,156.0,11.0,10.0,16.0,35.0,214.0,245.0,155.0,155.0,0.64,0.93
20200610,15,Fuzhou,34.0,18.0,13.0,34.0,32.0,3.0,4.0,22.0,24.0,67.0,86.0,41.0,41.0,0.6,0.62
20200610,15,Xining,59.0,24.0,34.0,67.0,79.0,10.0,9.0,18.0,24.0,131.0,134.0,88.0,92.0,0.87,0.43
20200610,15,Xi'an,84.0,28.0,29.0,59.0,56.0,5.0,5.0,18.0,35.0,187.0,186.0,106.0,106.0,0.65,0.64
20200610,15,Guiyang,28.0,18.0,25.0,28.0,51.0,8.0,9.0,30.0,31.0,38.0,137.0,29.0,30.0,0.72,0.76
20200610,15,Zhengzhou,103.0,19.0,37.0,49.0,62.0,5.0,6.0,11.0,29.0,205.0,206.0,148.0,148.0,0.52,0.76
20200610,15,Chongqing,41.0,26.0,28.0,41.0,48.0,7.0,6.0,34.0,44.0,124.0,124.0,59.0,59.0,0.76,0.86
20200610,15,Yinchuan,44.0,16.0,23.0,44.0,59.0,7.0,12.0,17.0,27.0,100.0,169.0,83.0,83.0,0.34,0.52
20200610,15,Changchun,33.0,6.0,40.0,24.0,69.0,4.0,5.0,22.0,51.0,106.0,143.0,105.0,105.0,0.49,0.64
20200610,15,Changsha,23.0,14.0,23.0,14.0,26.0,4.0,4.0,12.0,16.0,74.0,73.0,59.0,60.0,0.73,0.73
20200610,16,Shanghai,54.0,38.0,24.0,23.0,24.0,5.0,5.0,44.0,32.0,74.0,76.0,46.0,52.0,0.81,0.64
20200610,16,Urumqi,32.0,10.0,15.0,26.0,66.0,6.0,9.0,10.0,37.0,103.0,122.0,83.0,84.0,0.45,0.63
20200610,16,Lanzhou,60.0,22.0,36.0,70.0,109.0,5.0,10.0,13.0,33.0,130.0,179.0,126.0,126.0,0.5,0.6
20200610,16,Beijing,80.0,29.0,59.0,41.0,75.0,2.0,4.0,14.0,21.0,184.0,193.0,141.0,141.0,0.56,0.99
20200610,16,Nanjing,61.0,44.0,24.0,51.0,48.0,6.0,7.0,26.0,34.0,114.0,144.0,83.0,83.0,0.88,0.93
20200610,16,Nanning,37.0,12.0,18.0,37.0,39.0,4.0,5.0,17.0,25.0,61.0,90.0,62.0,62.0,0.47,0.66
20200610,16,Nanchang,23.0,12.0,10.0,23.0,20.0,5.0,7.0,16.0,20.0,66.0,81.0,54.0,54.0,0.5,0.47
20200610,16,Hefei,40.0,28.0,26.0,38.0,49.0,4.0,5.0,36.0,31.0,73.0,127.0,45.0,70.0,0.66,0.62
20200610,16,Hohhot,41.0,9.0,16.0,33.0,46.0,7.0,8.0,9.0,17.0,131.0,137.0,110.0,110.0,0.44,0.51
20200610,16,Harbin,24.0,15.0,21.0,20.0,52.0,11.0,11.0,29.0,35.0,76.0,111.0,70.0,73.0,0.55,0.51
20200610,16,Tianjin,102.0,44.0,66.0,75.0,79.0,5.0,6.0,14.0,31.0,204.0,226.0,145.0,145.0,0.81,1.01
20200610,16,Taiyuan,102.0,19.0,75.0,41.0,147.0,9.0,19.0,13.0,43.0,204.0,239.0,185.0,185.0,0.56,1.11
20200610,16,Guangzhou,38.0,12.0,15.0,25.0,28.0,5.0,6.0,21.0,39.0,122.0,180.0,102.0,102.0,0.6,0.74
20200610,16,Chengdu,105.0,37.0,29.0,69.0,57.0,4.0,4.0,18.0,26.0,209.0,229.0,158.0,158.0,0.61,0.57
20200610,16,Lhasa,36.0,7.0,12.0,17.0,24.0,6.0,7.0,8.0,15.0,114.0,134.0,98.0,98.0,0.43,0.45
20200610,16,Kunming,21.0,7.0,11.0,21.0,28.0,7.0,7.0,13.0,16.0,55.0,76.0,56.0,56.0,0.48,0.57
20200610,16,Hangzhou,22.0,12.0,19.0,22.0,34.0,4.0,4.0,26.0,32.0,64.0,155.0,78.0,78.0,0.63,0.6
20200610,16,Wuhan,31.0,18.0,24.0,20.0,33.0,5.0,5.0,15.0,18.0,100.0,107.0,73.0,73.0,0.66,0.79
20200610,16,Shenyang,56.0,29.0,37.0,62.0,87.0,14.0,25.0,16.0,38.0,102.0,176.0,97.0,97.0,0.68,0.78
20200610,16,Jinan,130.0,45.0,40.0,109.0,86.0,12.0,10.0,15.0,28.0,259.0,258.0,182.0,182.0,0.76,0.73
20200610,16,Haikou,38.0,15.0,9.0,38.0,21.0,3.0,3.0,18.0,14.0,85.0,92.0,67.0,67.0,0.43,0.57
20200610,16,Shijiazhuang,108.0,41.0,68.0,92.0,155.0,9.0,10.0,14.0,35.0,216.0,251.0,178.0,178.0,0.55,0.95
20200610,16,Fuzhou,38.0,18.0,14.0,38.0,33.0,3.0,4.0,21.0,24.0,69.0,86.0,48.0,48.0,0.58,0.62
20200610,16,Xining,68.0,30.0,33.0,86.0,80.0,12.0,9.0,23.0,25.0,118.0,134.0,95.0,96.0,1.43,0.53
20200610,16,Xi'an,85.0,24.0,29.0,54.0,56.0,5.0,5.0,17.0,35.0,188.0,188.0,126.0,126.0,0.58,0.64
20200610,16,Guiyang,29.0,19.0,25.0,29.0,51.0,8.0,9.0,27.0,32.0,39.0,136.0,32.0,33.0,0.74,0.78
20200610,16,Zhengzhou,102.0,19.0,36.0,46.0,62.0,5.0,6.0,13.0,28.0,204.0,210.0,165.0,165.0,0.51,0.76
20200610,16,Chongqing,46.0,26.0,28.0,43.0,48.0,6.0,6.0,30.0,44.0,148.0,144.0,75.0,75.0,0.72,0.86
20200610,16,Yinchuan,41.0,13.0,22.0,41.0,59.0,8.0,12.0,11.0,28.0,122.0,169.0,91.0,91.0,0.34,0.52
20200610,16,Changchun,28.0,6.0,39.0,12.0,68.0,4.0,5.0,26.0,51.0,91.0,143.0,114.0,114.0,0.51,0.64
20200610,16,Changsha,24.0,12.0,22.0,15.0,26.0,4.0,4.0,12.0,16.0,78.0,77.0,62.0,62.0,0.76,0.73
20200610,17,Shanghai,47.0,33.0,25.0,26.0,24.0,5.0,5.0,49.0,33.0,65.0,75.0,50.0,53.0,0.8,0.64
20200610,17,Urumqi,32.0,10.0,15.0,22.0,65.0,6.0,9.0,10.0,36.0,103.0,119.0,92.0,92.0,0.47,0.63
20200610,17,Lanzhou,63.0,19.0,36.0,76.0,109.0,5.0,10.0,15.0,33.0,122.0,178.0,133.0,133.0,0.57,0.6
20200610,17,Beijing,89.0,31.0,58.0,48.0,72.0,2.0,4.0,13.0,21.0,191.0,197.0,156.0,156.0,0.54,0.98
20200610,17,Nanjing,51.0,36.0,25.0,45.0,48.0,6.0,7.0,26.0,35.0,116.0,141.0,94.0,94.0,0.82,0.94
20200610,17,Nanning,19.0,13.0,18.0,13.0,38.0,4.0,5.0,36.0,25.0,34.0,83.0,64.0,64.0,0.51,0.64
20200610,17,Nanchang,27.0,12.0,10.0,27.0,21.0,5.0,7.0,28.0,21.0,54.0,80.0,59.0,59.0,0.51,0.47
20200610,17,Hefei,50.0,30.0,26.0,50.0,49.0,4.0,5.0,41.0,32.0,63.0,124.0,50.0,71.0,0.7,0.63
20200610,17,Hohhot,43.0,11.0,16.0,41.0,46.0,8.0,8.0,11.0,18.0,138.0,138.0,118.0,118.0,0.46,0.51
20200610,17,Harbin,23.0,11.0,20.0,17.0,51.0,11.0,11.0,26.0,35.0,74.0,107.0,72.0,75.0,0.53,0.52
20200610,17,Tianjin,98.0,42.0,65.0,62.0,78.0,5.0,6.0,15.0,30.0,198.0,229.0,166.0,166.0,0.72,1.01
20200610,17,Taiyuan,109.0,23.0,75.0,50.0,146.0,9.0,19.0,17.0,43.0,218.0,244.0,203.0,203.0,0.6,1.11
20200610,17,Guangzhou,28.0,12.0,15.0,24.0,28.0,5.0,6.0,29.0,39.0,91.0,180.0,112.0,112.0,0.62,0.73
20200610,17,Chengdu,68.0,31.0,29.0,62.0,57.0,4.0,4.0,21.0,26.0,174.0,229.0,172.0,172.0,0.59,0.57
20200610,17,Lhasa,36.0,6.0,11.0,17.0,24.0,6.0,7.0,9.0,16.0,116.0,134.0,102.0,102.0,0.43,0.45
20200610,17,Kunming,17.0,8.0,11.0,17.0,28.0,7.0,7.0,15.0,16.0,51.0,75.0,58.0,58.0,0.56,0.57
20200610,17,Hangzhou,18.0,10.0,19.0,17.0,34.0,4.0,4.0,36.0,33.0,44.0,154.0,82.0,82.0,0.64,0.61
20200610,17,Wuhan,30.0,17.0,24.0,24.0,33.0,5.0,5.0,19.0,18.0,96.0,105.0,80.0,80.0,0.66,0.79
20200610,17,Shenyang,59.0,31.0,36.0,67.0,86.0,12.0,25.0,18.0,38.0,100.0,164.0,99.0,99.0,0.8,0.78
20200610,17,Jinan,128.0,47.0,40.0,116.0,87.0,12.0,10.0,17.0,28.0,256.0,260.0,207.0,207.0,0.69,0.73
20200610,17,Haikou,38.0,13.0,9.0,38.0,21.0,3.0,3.0,19.0,14.0,78.0,93.0,72.0,72.0,0.38,0.57
20200610,17,Shijiazhuang,102.0,47.0,67.0,78.0,150.0,9.0,10.0,21.0,34.0,203.0,248.0,195.0,195.0,0.48,0.93
20200610,17,Fuzhou,37.0,15.0,14.0,37.0,34.0,4.0,4.0,19.0,23.0,60.0,86.0,53.0,53.0,0.56,0.64
20200610,17,Xining,69.0,31.0,32.0,87.0,80.0,13.0,9.0,17.0,25.0,129.0,134.0,108.0,108.0,0.97,0.57
20200610,17,Xi'an,85.0,22.0,29.0,49.0,57.0,5.0,5.0,17.0,34.0,188.0,192.0,145.0,145.0,0.57,0.64
20200610,17,Guiyang,33.0,21.0,25.0,33.0,51.0,8.0,9.0,25.0,33.0,51.0,124.0,37.0,37.0,0.8,0.78
20200610,17,Zhengzhou,104.0,19.0,36.0,50.0,61.0,5.0,7.0,14.0,28.0,207.0,211.0,179.0,179.0,0.52,0.76
20200610,17,Chongqing,59.0,23.0,28.0,41.0,48.0,6.0,6.0,30.0,44.0,167.0,166.0,93.0,93.0,0.73,0.87
20200610,17,Yinchuan,47.0,13.0,22.0,47.0,59.0,8.0,12.0,12.0,28.0,126.0,164.0,100.0,100.0,0.36,0.52
20200610,17,Changchun,31.0,6.0,38.0,15.0,66.0,4.0,5.0,22.0,50.0,99.0,143.0,118.0,118.0,0.47,0.63
20200610,17,Changsha,25.0,15.0,22.0,19.0,25.0,5.0,4.0,13.0,15.0,79.0,81.0,65.0,65.0,0.74,0.74
20200610,18,Shanghai,58.0,41.0,26.0,43.0,25.0,5.0,5.0,68.0,35.0,52.0,74.0,53.0,55.0,0.87,0.64
20200610,18,Urumqi,38.0,9.0,15.0,38.0,65.0,7.0,9.0,12.0,36.0,105.0,117.0,97.0,98.0,0.48,0.63
20200610,18,Lanzhou,64.0,23.0,35.0,77.0,107.0,6.0,10.0,19.0,33.0,117.0,170.0,133.0,134.0,0.47,0.6
20200610,18,Beijing,91.0,32.0,57.0,59.0,69.0,2.0,4.0,15.0,20.0,193.0,201.0,170.0,170.0,0.54,0.95
20200610,18,Nanjing,49.0,34.0,26.0,44.0,49.0,6.0,7.0,28.0,35.0,105.0,139.0,100.0,100.0,0.79,0.94
20200610,18,Nanning,24.0,15.0,18.0,17.0,37.0,4.0,5.0,47.0,26.0,20.0,83.0,61.0,64.0,0.61,0.64
20200610,18,Nanchang,31.0,12.0,11.0,31.0,22.0,5.0,7.0,28.0,21.0,46.0,80.0,62.0,62.0,0.56,0.49
20200610,18,Hefei,52.0,30.0,27.0,54.0,50.0,4.0,5.0,46.0,33.0,64.0,122.0,55.0,72.0,0.69,0.63
20200610,18,Hohhot,47.0,13.0,16.0,47.0,45.0,9.0,8.0,13.0,18.0,139.0,140.0,124.0,124.0,0.51,0.51
20200610,18,Harbin,22.0,10.0,20.0,17.0,49.0,12.0,11.0,25.0,36.0,71.0,101.0,74.0,76.0,0.55,0.53
20200610,18,Tianjin,91.0,37.0,64.0,71.0,78.0,6.0,6.0,21.0,30.0,193.0,230.0,182.0,182.0,0.75,1.0
20200610,18,Taiyuan,108.0,28.0,74.0,62.0,145.0,9.0,19.0,24.0,43.0,215.0,244.0,212.0,212.0,0.7,1.11
20200610,18,Guangzhou,24.0,12.0,15.0,24.0,28.0,5.0,6.0,39.0,39.0,60.0,180.0,118.0,119.0,0.73,0.74
20200610,18,Chengdu,57.0,32.0,29.0,64.0,58.0,4.0,4.0,27.0,26.0,147.0,228.0,179.0,179.0,0.6,0.6
20200610,18,Lhasa,37.0,8.0,11.0,26.0,24.0,6.0,7.0,10.0,15.0,117.0,131.0,106.0,106.0,0.45,0.47
20200610,18,Kunming,22.0,9.0,11.0,22.0,27.0,7.0,7.0,17.0,16.0,47.0,73.0,58.0,59.0,0.64,0.57
20200610,18,Hangzhou,19.0,9.0,19.0,15.0,33.0,4.0,4.0,37.0,34.0,44.0,154.0,85.0,85.0,0.66,0.62
20200610,18,Wuhan,28.0,17.0,24.0,26.0,32.0,5.0,5.0,25.0,18.0,91.0,106.0,85.0,85.0,0.7,0.77
20200610,18,Shenyang,58.0,28.0,35.0,66.0,84.0,12.0,25.0,19.0,37.0,91.0,150.0,98.0,99.0,0.67,0.78
20200610,18,Jinan,125.0,53.0,40.0,112.0,87.0,11.0,10.0,19.0,27.0,249.0,260.0,227.0,227.0,0.66,0.74
20200610,18,Haikou,38.0,13.0,9.0,38.0,21.0,4.0,3.0,18.0,14.0,60.0,93.0,74.0,74.0,0.4,0.57
20200610,18,Shijiazhuang,88.0,40.0,66.0,75.0,145.0,9.0,10.0,22.0,34.0,190.0,248.0,208.0,208.0,0.48,0.92
20200610,18,Fuzhou,32.0,15.0,14.0,32.0,35.0,4.0,4.0,23.0,24.0,48.0,86.0,57.0,57.0,0.58,0.64
20200610,18,Xining,61.0,31.0,31.0,72.0,79.0,13.0,9.0,21.0,25.0,116.0,132.0,116.0,116.0,0.65,0.57
20200610,18,Xi'an,80.0,21.0,29.0,50.0,57.0,5.0,5.0,18.0,33.0,184.0,194.0,160.0,160.0,0.58,0.64
20200610,18,Guiyang,34.0,20.0,25.0,34.0,51.0,8.0,9.0,32.0,34.0,44.0,105.0,39.0,39.0,0.82,0.78
20200610,18,Zhengzhou,100.0,20.0,35.0,56.0,61.0,5.0,7.0,16.0,27.0,200.0,211.0,190.0,190.0,0.54,0.74
20200610,18,Chongqing,85.0,24.0,28.0,41.0,49.0,6.0,6.0,29.0,44.0,188.0,189.0,115.0,115.0,0.69,0.88
20200610,18,Yinchuan,51.0,15.0,22.0,51.0,60.0,7.0,12.0,15.0,28.0,115.0,157.0,107.0,107.0,0.4,0.52
20200610,18,Changchun,33.0,5.0,36.0,19.0,65.0,4.0,5.0,22.0,50.0,106.0,143.0,117.0,118.0,0.48,0.63
20200610,18,Changsha,26.0,16.0,22.0,19.0,25.0,4.0,4.0,14.0,14.0,82.0,84.0,68.0,68.0,0.74,0.74
20200610,19,Shanghai,66.0,48.0,27.0,59.0,27.0,5.0,5.0,84.0,37.0,36.0,74.0,53.0,57.0,0.93,0.64
20200610,19,Urumqi,33.0,10.0,15.0,27.0,65.0,6.0,9.0,12.0,36.0,105.0,114.0,99.0,100.0,0.48,0.63
20200610,19,Lanzhou,62.0,24.0,35.0,74.0,105.0,5.0,10.0,18.0,33.0,115.0,167.0,128.0,135.0,0.58,0.6
20200610,19,Beijing,84.0,31.0,57.0,71.0,68.0,1.0,3.0,19.0,20.0,187.0,201.0,179.0,179.0,0.55,0.91
20200610,19,Nanjing,47.0,33.0,26.0,46.0,49.0,6.0,7.0,31.0,36.0,82.0,129.0,100.0,101.0,0.82,0.94
20200610,19,Nanning,20.0,14.0,18.0,18.0,36.0,5.0,5.0,36.0,27.0,30.0,83.0,57.0,64.0,0.59,0.64
20200610,19,Nanchang,29.0,15.0,11.0,29.0,22.0,5.0,7.0,34.0,22.0,36.0,80.0,59.0,62.0,0.63,0.49
20200610,19,Hefei,46.0,32.0,27.0,30.0,49.0,4.0,5.0,47.0,34.0,57.0,114.0,58.0,72.0,0.68,0.63
20200610,19,Hohhot,44.0,14.0,16.0,44.0,45.0,10.0,8.0,15.0,18.0,138.0,141.0,127.0,127.0,0.56,0.51
20200610,19,Harbin,19.0,11.0,20.0,19.0,48.0,12.0,11.0,29.0,36.0,62.0,98.0,74.0,76.0,0.64,0.54
20200610,19,Tianjin,90.0,45.0,64.0,114.0,79.0,6.0,6.0,30.0,29.0,192.0,230.0,192.0,193.0,0.95,1.01
20200610,19,Taiyuan,107.0,32.0,74.0,68.0,145.0,11.0,19.0,25.0,43.0,213.0,247.0,215.0,215.0,0.79,1.11
20200610,19,Guangzhou,28.0,14.0,15.0,28.0,28.0,5.0,6.0,52.0,40.0,34.0,180.0,114.0,120.0,0.77,0.74
20200610,19,Chengdu,59.0,34.0,29.0,67.0,58.0,4.0,4.0,42.0,27.0,133.0,227.0,180.0,180.0,0.64,0.6
20200610,19,Lhasa,58.0,14.0,12.0,65.0,26.0,7.0,7.0,10.0,16.0,110.0,129.0,109.0,109.0,0.47,0.47
20200610,19,Kunming,29.0,10.0,11.0,29.0,27.0,7.0,7.0,21.0,16.0,44.0,73.0,58.0,59.0,0.63,0.57
20200610,19,Hangzhou,22.0,11.0,19.0,16.0,33.0,4.0,4.0,44.0,35.0,30.0,154.0,84.0,85.0,0.73,0.62
20200610,19,Wuhan,29.0,17.0,24.0,29.0,32.0,5.0,5.0,28.0,19.0,82.0,106.0,88.0,88.0,0.73,0.77
20200610,19,Shenyang,53.0,25.0,35.0,55.0,83.0,12.0,25.0,21.0,37.0,74.0,136.0,95.0,99.0,0.6,0.77
20200610,19,Jinan,116.0,47.0,40.0,111.0,87.0,10.0,10.0,22.0,27.0,231.0,260.0,238.0,238.0,0.69,0.74
20200610,19,Haikou,31.0,13.0,9.0,31.0,22.0,3.0,3.0,13.0,14.0,48.0,93.0,73.0,74.0,0.38,0.55
20200610,19,Shijiazhuang,99.0,43.0,65.0,109.0,141.0,10.0,9.0,25.0,33.0,199.0,248.0,215.0,215.0,0.55,0.9
20200610,19,Fuzhou,37.0,16.0,15.0,37.0,36.0,4.0,4.0,32.0,24.0,27.0,86.0,57.0,57.0,0.66,0.64
20200610,19,Xining,56.0,26.0,30.0,62.0,77.0,21.0,11.0,29.0,25.0,97.0,132.0,119.0,119.0,0.67,0.57
20200610,19,Xi'an,66.0,20.0,29.0,52.0,57.0,5.0,5.0,20.0,33.0,173.0,194.0,171.0,171.0,0.59,0.64
20200610,19,Guiyang,38.0,22.0,25.0,38.0,51.0,8.0,9.0,37.0,34.0,34.0,74.0,39.0,39.0,0.84,0.79
20200610,19,Zhengzhou,85.0,22.0,34.0,62.0,61.0,5.0,6.0,21.0,27.0,188.0,211.0,195.0,195.0,0.56,0.74
20200610,19,Chongqing,71.0,26.0,29.0,45.0,49.0,6.0,6.0,36.0,44.0,177.0,189.0,132.0,132.0,0.77,0.88
20200610,19,Yinchuan,53.0,18.0,22.0,56.0,61.0,7.0,12.0,27.0,28.0,98.0,141.0,109.0,109.0,0.38,0.52
20200610,19,Changchun,30.0,5.0,35.0,30.0,64.0,3.0,5.0,17.0,49.0,93.0,143.0,111.0,118.0,0.38,0.62
20200610,19,Changsha,27.0,18.0,21.0,27.0,24.0,4.0,4.0,18.0,14.0,71.0,84.0,69.0,69.0,0.76,0.74
20200610,20,Shanghai,71.0,52.0,29.0,54.0,28.0,5.0,5.0,86.0,39.0,35.0,74.0,52.0,57.0,0.89,0.66
20200610,20,Urumqi,33.0,14.0,16.0,27.0,65.0,6.0,9.0,12.0,36.0,107.0,111.0,101.0,102.0,0.5,0.63
20200610,20,Lanzhou,59.0,27.0,34.0,67.0,103.0,5.0,10.0,21.0,33.0,108.0,167.0,125.0,135.0,0.63,0.63
20200610,20,Beijing,86.0,34.0,56.0,85.0,68.0,2.0,3.0,24.0,20.0,189.0,202.0,185.0,185.0,0.6,0.89
20200610,20,Nanjing,52.0,36.0,27.0,53.0,49.0,6.0,7.0,27.0,35.0,74.0,124.0,98.0,101.0,0.8,0.94
20200610,20,Nanning,20.0,14.0,18.0,17.0,35.0,5.0,5.0,35.0,26.0,28.0,83.0,52.0,64.0,0.61,0.64
20200610,20,Nanchang,24.0,14.0,11.0,24.0,22.0,4.0,7.0,27.0,22.0,45.0,80.0,57.0,62.0,0.57,0.5
20200610,20,Hefei,41.0,29.0,28.0,37.0,49.0,4.0,5.0,43.0,35.0,50.0,109.0,59.0,73.0,0.67,0.64
20200610,20,Hohhot,49.0,16.0,16.0,49.0,46.0,11.0,8.0,22.0,18.0,128.0,141.0,129.0,130.0,0.61,0.51
20200610,20,Harbin,30.0,13.0,20.0,30.0,47.0,12.0,11.0,35.0,36.0,52.0,92.0,71.0,77.0,0.68,0.55
20200610,20,Tianjin,77.0,55.0,64.0,104.0,80.0,5.0,6.0,37.0,30.0,172.0,230.0,196.0,197.0,1.01,1.03
20200610,20,Taiyuan,80.0,33.0,74.0,71.0,144.0,11.0,19.0,36.0,43.0,184.0,247.0,210.0,215.0,0.81,1.11
20200610,20,Guangzhou,35.0,18.0,16.0,35.0,29.0,5.0,6.0,58.0,41.0,15.0,180.0,100.0,120.0,0.84,0.76
20200610,20,Chengdu,62.0,39.0,29.0,74.0,58.0,4.0,4.0,48.0,27.0,120.0,227.0,176.0,181.0,0.69,0.61
20200610,20,Lhasa,53.0,14.0,12.0,56.0,27.0,7.0,7.0,16.0,15.0,105.0,121.0,111.0,111.0,0.45,0.47
20200610,20,Kunming,30.0,11.0,11.0,30.0,27.0,6.0,7.0,20.0,16.0,46.0,73.0,56.0,59.0,0.67,0.57
20200610,20,Hangzhou,28.0,12.0,19.0,18.0,32.0,4.0,4.0,55.0,36.0,15.0,154.0,74.0,85.0,0.78,0.62
20200610,20,Wuhan,33.0,17.0,24.0,33.0,32.0,5.0,5.0,32.0,20.0,68.0,106.0,88.0,89.0,0.76,0.77
20200610,20,Shenyang,51.0,27.0,34.0,52.0,80.0,9.0,25.0,24.0,37.0,57.0,124.0,90.0,99.0,0.56,0.77
20200610,20,Jinan,103.0,50.0,41.0,113.0,88.0,10.0,10.0,28.0,26.0,206.0,260.0,238.0,240.0,0.72,0.74
20200610,20,Haikou,26.0,15.0,9.0,26.0,22.0,2.0,3.0,18.0,13.0,41.0,93.0,70.0,74.0,0.38,0.53
20200610,20,Shijiazhuang,98.0,48.0,64.0,127.0,137.0,10.0,9.0,34.0,32.0,198.0,248.0,214.0,216.0,0.65,0.9
20200610,20,Fuzhou,41.0,17.0,15.0,41.0,36.0,4.0,4.0,36.0,24.0,18.0,86.0,55.0,58.0,0.68,0.64
20200610,20,Xining,54.0,28.0,29.0,58.0,76.0,15.0,11.0,23.0,24.0,94.0,132.0,117.0,120.0,0.6,0.57
20200610,20,Xi'an,52.0,22.0,29.0,53.0,57.0,5.0,5.0,26.0,32.0,161.0,194.0,176.0,176.0,0.64,0.64
20200610,20,Guiyang,41.0,26.0,25.0,41.0,50.0,8.0,9.0,41.0,35.0,25.0,59.0,39.0,40.0,0.84,0.79
20200610,20,Zhengzhou,76.0,28.0,34.0,66.0,61.0,4.0,6.0,24.0,26.0,181.0,211.0,196.0,196.0,0.63,0.73
20200610,20,Chongqing,48.0,28.0,29.0,48.0,49.0,5.0,6.0,46.0,45.0,150.0,189.0,143.0,143.0,0.81,0.89
20200610,20,Yinchuan,54.0,17.0,22.0,57.0,61.0,7.0,12.0,34.0,29.0,90.0,127.0,108.0,109.0,0.33,0.52
20200610,20,Changchun,24.0,7.0,34.0,24.0,63.0,3.0,5.0,30.0,48.0,67.0,143.0,102.0,118.0,0.44,0.62
20200610,20,Changsha,30.0,20.0,21.0,30.0,24.0,4.0,4.0,18.0,13.0,63.0,84.0,70.0,70.0,0.76,0.73
20200610,21,Shanghai,74.0,54.0,31.0,51.0,30.0,5.0,5.0,71.0,42.0,35.0,74.0,50.0,57.0,0.83,0.68
20200610,21,Urumqi,32.0,12.0,16.0,25.0,65.0,7.0,9.0,16.0,36.0,103.0,108.0,103.0,103.0,0.48,0.63
20200610,21,Lanzhou,53.0,27.0,33.0,56.0,100.0,5.0,10.0,22.0,34.0,100.0,167.0,120.0,135.0,0.6,0.63
20200610,21,Beijing,76.0,37.0,56.0,101.0,68.0,1.0,3.0,26.0,20.0,174.0,202.0,185.0,186.0,0.65,0.87
20200610,21,Nanjing,55.0,39.0,28.0,52.0,49.0,6.0,7.0,27.0,35.0,68.0,124.0,94.0,101.0,0.76,0.93
20200610,21,Nanning,21.0,13.0,17.0,21.0,34.0,5.0,5.0,37.0,26.0,21.0,83.0,44.0,64.0,0.6,0.64
20200610,21,Nanchang,19.0,12.0,11.0,19.0,23.0,4.0,7.0,32.0,23.0,35.0,80.0,54.0,62.0,0.63,0.5
20200610,21,Hefei,51.0,28.0,28.0,51.0,49.0,4.0,5.0,51.0,36.0,32.0,107.0,57.0,73.0,0.69,0.66
20200610,21,Hohhot,53.0,22.0,16.0,56.0,46.0,12.0,8.0,39.0,19.0,101.0,141.0,127.0,130.0,0.68,0.51
20200610,21,Harbin,32.0,16.0,20.0,32.0,46.0,13.0,11.0,43.0,37.0,44.0,90.0,67.0,77.0,0.76,0.56
20200610,21,Tianjin,91.0,58.0,64.0,131.0,82.0,5.0,6.0,41.0,30.0,150.0,230.0,192.0,197.0,1.04,1.04
20200610,21,Taiyuan,71.0,41.0,74.0,91.0,144.0,11.0,19.0,63.0,44.0,127.0,247.0,197.0,215.0,0.96,1.13
20200610,21,Guangzhou,37.0,18.0,16.0,37.0,30.0,5.0,6.0,54.0,42.0,12.0,180.0,80.0,120.0,0.85,0.76
20200610,21,Chengdu,75.0,55.0,30.0,96.0,59.0,4.0,4.0,43.0,27.0,126.0,227.0,168.0,181.0,0.71,0.61
20200610,21,Lhasa,40.0,10.0,12.0,40.0,28.0,7.0,7.0,19.0,15.0,99.0,120.0,110.0,111.0,0.45,0.45
20200610,21,Kunming,32.0,9.0,11.0,32.0,27.0,7.0,7.0,22.0,17.0,41.0,73.0,52.0,59.0,0.72,0.6
20200610,21,Hangzhou,29.0,13.0,18.0,21.0,32.0,4.0,4.0,57.0,37.0,10.0,154.0,58.0,85.0,0.81,0.63
20200610,21,Wuhan,35.0,19.0,24.0,35.0,33.0,5.0,5.0,33.0,20.0,58.0,106.0,86.0,89.0,0.76,0.77
20200610,21,Shenyang,51.0,27.0,33.0,51.0,78.0,7.0,25.0,24.0,36.0,54.0,115.0,84.0,99.0,0.55,0.77
20200610,21,Jinan,82.0,52.0,41.0,113.0,89.0,10.0,10.0,34.0,26.0,177.0,260.0,232.0,241.0,0.77,0.74
20200610,21,Haikou,23.0,12.0,9.0,23.0,23.0,3.0,4.0,20.0,12.0,27.0,93.0,64.0,74.0,0.4,0.53
20200610,21,Shijiazhuang,93.0,50.0,64.0,136.0,135.0,11.0,9.0,41.0,32.0,170.0,248.0,205.0,216.0,0.63,0.88
20200610,21,Fuzhou,33.0,15.0,16.0,33.0,37.0,4.0,4.0,33.0,24.0,19.0,86.0,49.0,58.0,0.64,0.64
20200610,21,Xining,57.0,31.0,28.0,63.0,73.0,16.0,12.0,38.0,25.0,70.0,132.0,111.0,120.0,0.7,0.6
20200610,21,Xi'an,59.0,24.0,28.0,68.0,58.0,5.0,5.0,36.0,32.0,136.0,194.0,173.0,176.0,0.66,0.64
20200610,21,Guiyang,45.0,25.0,25.0,45.0,50.0,8.0,9.0,41.0,35.0,19.0,53.0,36.0,40.0,0.83,0.79
20200610,21,Zhengzhou,66.0,34.0,34.0,82.0,62.0,5.0,6.0,31.0,26.0,163.0,211.0,194.0,197.0,0.66,0.71
20200610,21,Chongqing,55.0,33.0,29.0,59.0,49.0,5.0,6.0,70.0,45.0,96.0,189.0,143.0,146.0,0.9,0.89
20200610,21,Yinchuan,58.0,20.0,22.0,65.0,62.0,8.0,11.0,28.0,29.0,91.0,127.0,106.0,109.0,0.34,0.52
20200610,21,Changchun,28.0,9.0,32.0,28.0,61.0,3.0,5.0,34.0,47.0,60.0,143.0,93.0,118.0,0.44,0.61
20200610,21,Changsha,31.0,21.0,21.0,31.0,24.0,4.0,4.0,22.0,13.0,54.0,84.0,70.0,71.0,0.74,0.73
20200610,22,Shanghai,69.0,50.0,33.0,32.0,31.0,5.0,5.0,48.0,43.0,42.0,73.0,49.0,58.0,0.77,0.69
20200610,22,Urumqi,35.0,12.0,16.0,35.0,65.0,7.0,9.0,23.0,36.0,93.0,108.0,103.0,103.0,0.53,0.62
20200610,22,Lanzhou,52.0,28.0,33.0,54.0,98.0,6.0,10.0,24.0,34.0,91.0,167.0,114.0,135.0,0.57,0.63
20200610,22,Beijing,75.0,44.0,55.0,100.0,68.0,2.0,3.0,28.0,20.0,151.0,202.0,182.0,187.0,0.66,0.85
20200610,22,Nanjing,46.0,32.0,28.0,44.0,49.0,6.0,7.0,27.0,34.0,61.0,124.0,89.0,101.0,0.76,0.93
20200610,22,Nanning,23.0,13.0,17.0,23.0,34.0,5.0,5.0,38.0,27.0,13.0,83.0,36.0,64.0,0.6,0.63
20200610,22,Nanchang,19.0,12.0,12.0,19.0,23.0,5.0,7.0,36.0,23.0,26.0,80.0,47.0,62.0,0.61,0.5
20200610,22,Hefei,51.0,33.0,28.0,52.0,49.0,4.0,5.0,59.0,37.0,22.0,99.0,53.0,73.0,0.73,0.66
20200610,22,Hohhot,61.0,25.0,16.0,71.0,46.0,12.0,9.0,48.0,21.0,85.0,141.0,122.0,130.0,0.69,0.51
20200610,22,Harbin,36.0,14.0,20.0,36.0,45.0,12.0,11.0,34.0,37.0,69.0,90.0,65.0,77.0,0.61,0.56
20200610,22,Tianjin,98.0,70.0,64.0,146.0,84.0,4.0,6.0,40.0,30.0,139.0,230.0,183.0,197.0,1.12,1.04
20200610,22,Taiyuan,80.0,47.0,74.0,109.0,144.0,11.0,19.0,102.0,46.0,72.0,247.0,179.0,215.0,0.98,1.13
20200610,22,Guangzhou,33.0,15.0,16.0,33.0,31.0,5.0,6.0,48.0,42.0,11.0,180.0,61.0,120.0,0.82,0.77
20200610,22,Chengdu,85.0,63.0,32.0,107.0,60.0,4.0,4.0,40.0,27.0,114.0,227.0,155.0,181.0,0.77,0.61
20200610,22,Lhasa,41.0,13.0,12.0,41.0,28.0,7.0,7.0,21.0,15.0,94.0,119.0,108.0,111.0,0.47,0.45
20200610,22,Kunming,32.0,9.0,11.0,32.0,27.0,7.0,7.0,22.0,17.0,38.0,73.0,48.0,59.0,0.67,0.62
20200610,22,Hangzhou,27.0,13.0,18.0,22.0,31.0,4.0,4.0,54.0,38.0,7.0,154.0,40.0,85.0,0.79,0.64
20200610,22,Wuhan,38.0,19.0,25.0,38.0,33.0,5.0,5.0,32.0,21.0,53.0,106.0,81.0,89.0,0.74,0.74
20200610,22,Shenyang,51.0,28.0,32.0,52.0,75.0,7.0,24.0,27.0,35.0,47.0,108.0,78.0,99.0,0.53,0.77
20200610,22,Jinan,86.0,57.0,42.0,121.0,89.0,12.0,11.0,37.0,26.0,164.0,260.0,223.0,241.0,0.8,0.75
20200610,22,Haikou,20.0,8.0,9.0,20.0,23.0,3.0,4.0,12.0,11.0,31.0,93.0,58.0,74.0,0.38,0.53
20200610,22,Shijiazhuang,93.0,50.0,64.0,135.0,134.0,13.0,10.0,43.0,32.0,151.0,248.0,192.0,216.0,0.65,0.88
20200610,22,Fuzhou,36.0,16.0,16.0,36.0,37.0,4.0,4.0,35.0,24.0,21.0,86.0,40.0,58.0,0.66,0.66
20200610,22,Xining,59.0,36.0,29.0,68.0,72.0,15.0,12.0,44.0,26.0,52.0,132.0,101.0,120.0,0.8,0.63
20200610,22,Xi'an,63.0,26.0,28.0,76.0,60.0,5.0,5.0,35.0,32.0,111.0,194.0,165.0,176.0,0.67,0.64
20200610,22,Guiyang,40.0,20.0,25.0,40.0,50.0,8.0,9.0,38.0,35.0,16.0,53.0,33.0,40.0,0.8,0.8
20200610,22,Zhengzhou,69.0,37.0,34.0,88.0,63.0,4.0,6.0,38.0,26.0,138.0,211.0,186.0,197.0,0.71,0.71
20200610,22,Chongqing,55.0,32.0,29.0,60.0,50.0,5.0,6.0,78.0,46.0,70.0,189.0,140.0,147.0,0.92,0.89
20200610,22,Yinchuan,57.0,23.0,23.0,63.0,62.0,7.0,11.0,19.0,28.0,101.0,127.0,107.0,110.0,0.34,0.5
20200610,22,Changchun,26.0,8.0,30.0,26.0,59.0,4.0,5.0,31.0,46.0,61.0,143.0,85.0,118.0,0.41,0.58
20200610,22,Changsha,34.0,21.0,21.0,34.0,24.0,4.0,4.0,25.0,13.0,47.0,84.0,68.0,71.0,0.74,0.73
20200610,23,Shanghai,64.0,46.0,34.0,27.0,32.0,5.0,5.0,36.0,43.0,55.0,73.0,47.0,58.0,0.71,0.7
20200610,23,Urumqi,55.0,13.0,16.0,59.0,65.0,8.0,8.0,21.0,35.0,95.0,108.0,102.0,103.0,0.6,0.62
20200610,23,Lanzhou,49.0,22.0,32.0,49.0,95.0,6.0,10.0,23.0,34.0,89.0,167.0,109.0,135.0,0.6,0.63
20200610,23,Beijing,71.0,44.0,55.0,91.0,68.0,2.0,2.0,28.0,20.0,134.0,202.0,176.0,187.0,0.65,0.82
20200610,23,Nanjing,39.0,27.0,28.0,37.0,48.0,6.0,7.0,32.0,34.0,50.0,124.0,84.0,101.0,0.72,0.92
20200610,23,Nanning,28.0,14.0,17.0,28.0,34.0,5.0,5.0,39.0,27.0,8.0,83.0,27.0,64.0,0.67,0.63
20200610,23,Nanchang,19.0,11.0,12.0,19.0,23.0,5.0,7.0,26.0,23.0,47.0,80.0,43.0,62.0,0.59,0.5
20200610,23,Hefei,50.0,35.0,29.0,50.0,48.0,4.0,5.0,57.0,38.0,20.0,89.0,47.0,73.0,0.73,0.66
20200610,23,Hohhot,62.0,23.0,17.0,74.0,48.0,11.0,9.0,55.0,23.0,66.0,141.0,115.0,130.0,0.71,0.54
20200610,23,Harbin,29.0,10.0,20.0,21.0,44.0,11.0,11.0,16.0,36.0,94.0,97.0,68.0,77.0,0.51,0.57
20200610,23,Tianjin,110.0,83.0,65.0,132.0,87.0,6.0,6.0,45.0,30.0,115.0,230.0,170.0,197.0,1.44,1.07
20200610,23,Taiyuan,81.0,47.0,74.0,112.0,144.0,12.0,19.0,92.0,48.0,76.0,247.0,164.0,215.0,0.9,1.14
20200610,23,Guangzhou,32.0,14.0,16.0,32.0,31.0,6.0,6.0,45.0,42.0,8.0,180.0,43.0,120.0,0.79,0.76
20200610,23,Chengdu,88.0,65.0,33.0,106.0,61.0,4.0,4.0,44.0,27.0,100.0,227.0,140.0,181.0,0.77,0.61
20200610,23,Lhasa,40.0,13.0,11.0,40.0,29.0,7.0,6.0,24.0,15.0,87.0,118.0,106.0,111.0,0.48,0.45
20200610,23,Kunming,30.0,9.0,11.0,30.0,28.0,8.0,7.0,23.0,17.0,37.0,73.0,45.0,59.0,0.6,0.62
20200610,23,Hangzhou,21.0,10.0,18.0,19.0,30.0,4.0,4.0,41.0,38.0,15.0,154.0,28.0,85.0,0.72,0.65
20200610,23,Wuhan,36.0,22.0,25.0,36.0,34.0,4.0,5.0,30.0,21.0,50.0,106.0,75.0,89.0,0.73,0.77
20200610,23,Shenyang,55.0,32.0,32.0,59.0,73.0,8.0,24.0,26.0,34.0,46.0,107.0,71.0,99.0,0.49,0.77
20200610,23,Jinan,89.0,63.0,43.0,127.0,91.0,13.0,11.0,33.0,26.0,167.0,260.0,213.0,241.0,0.8,0.75
20200610,23,Haikou,17.0,7.0,9.0,17.0,23.0,3.0,3.0,12.0,11.0,25.0,93.0,49.0,74.0,0.35,0.5
20200610,23,Shijiazhuang,107.0,56.0,64.0,164.0,135.0,15.0,10.0,45.0,33.0,139.0,248.0,181.0,216.0,0.68,0.9
20200610,23,Fuzhou,29.0,16.0,16.0,29.0,37.0,4.0,4.0,34.0,24.0,19.0,86.0,34.0,58.0,0.64,0.66
20200610,23,Xining,57.0,37.0,30.0,64.0,71.0,11.0,12.0,50.0,28.0,39.0,132.0,88.0,120.0,0.83,0.67
20200610,23,Xi'an,65.0,27.0,28.0,80.0,61.0,5.0,5.0,38.0,32.0,84.0,194.0,152.0,176.0,0.7,0.65
20200610,23,Guiyang,38.0,17.0,25.0,38.0,49.0,8.0,8.0,37.0,35.0,12.0,53.0,30.0,40.0,0.78,0.8
20200610,23,Zhengzhou,69.0,38.0,33.0,87.0,64.0,4.0,6.0,43.0,25.0,116.0,211.0,175.0,197.0,0.7,0.71
20200610,23,Chongqing,54.0,32.0,29.0,57.0,50.0,5.0,6.0,80.0,47.0,51.0,189.0,130.0,147.0,0.96,0.89
20200610,23,Yinchuan,58.0,26.0,22.0,65.0,62.0,7.0,11.0,10.0,26.0,117.0,127.0,109.0,111.0,0.34,0.48
20200610,23,Changchun,24.0,8.0,29.0,24.0,57.0,4.0,5.0,26.0,44.0,64.0,143.0,80.0,118.0,0.4,0.58
20200610,23,Changsha,36.0,25.0,21.0,35.0,25.0,4.0,4.0,27.0,14.0,40.0,84.0,64.0,71.0,0.74,0.74
